{
    "acc": 0.769553716187388,
    "precision": 0.22085201793721973,
    "recall": 0.07871603622802344,
    "f1": 0.11606441476826393,
    "auc": 0.5063208136266563
}