{
    "warm": {
        "mse": 0.35311123728752136,
        "ci": 0.8779807483493952,
        "rmse": 0.5942316651344299,
        "r2": 0.7423351992717804
    },
    "cold_lig": {
        "mse": 0.7770630717277527,
        "ci": 0.7366309869728872,
        "rmse": 0.8815118074417114,
        "r2": 0.2552832749504187
    },
    "cold_prot": {
        "mse": 1.2358795404434204,
        "ci": 0.7496655206036626,
        "rmse": 1.111701250076294,
        "r2": 0.24658099501108233
    },
    "cold_both": {
        "mse": 1.3759102821350098,
        "ci": 0.5631861328931077,
        "rmse": 1.1729919910430908,
        "r2": -0.14612884368082124
    }
}