{
    "acc": 0.7866285519242256,
    "precision": 0.3087124132613724,
    "recall": 0.08888296927721541,
    "f1": 0.13802612982177945,
    "auc": 0.5207635009908356
}