{
    "warm": {
        "mse": 0.26486313287815033,
        "ci": 0.8956346755338201,
        "rmse": 0.5146485527796132,
        "r2": 0.8067297215948592
    },
    "cold_lig": {
        "mse": 0.9393974032293861,
        "ci": 0.6873012258051965,
        "rmse": 0.969225156106354,
        "r2": 0.09970641826048932
    },
    "cold_prot": {
        "mse": 1.3486613197651516,
        "ci": 0.7500096076246109,
        "rmse": 1.1613187847293058,
        "r2": 0.1778268032648732
    },
    "cold_both": {
        "mse": 1.4869392636585768,
        "ci": 0.4990507635163021,
        "rmse": 1.2194011906089712,
        "r2": -0.23861562781535017
    }
}