{
    "acc": {
        "mean": 0.8290220207253884,
        "std": 0.01074976189201666
    },
    "precision": {
        "mean": 0.3104045595647328,
        "std": 0.020405000493019836
    },
    "recall": {
        "mean": 0.2075029868578256,
        "std": 0.034791970259987294
    },
    "f1": {
        "mean": 0.2458372103050325,
        "std": 0.021436182895386333
    },
    "auc": {
        "mean": 0.5669805625429791,
        "std": 0.009278229062599012
    }
}