batch_size,optimizer,learning_rate,train_0,train_1,train_2,train_3,train_4,val_0,val_1,val_2,val_3,val_4,train_mean,train_std,val_mean,val_std
128,adam,0.001,0.06744138151407242,0.04469044506549835,0.0654691532254219,0.07136614620685577,0.060808658599853516,0.18521422147750854,0.15676119923591614,0.18376898765563965,0.1866467297077179,0.1751270741224289,0.061955156922340396,0.00927791230294301,0.17750364243984224,0.011119358359119808
256,adam,0.001,0.03729114308953285,0.04226038604974747,0.048229143023490906,0.039890438318252563,0.03998405113816261,0.17527174949645996,0.16476503014564514,0.16993777453899384,0.17066706717014313,0.16730813682079315,0.04153103232383728,0.0037002163180407696,0.16958995163440704,0.0035227980870851084
