{
    "acc": 0.7844952641010325,
    "precision": 0.32236243007675297,
    "recall": 0.11001598295151838,
    "f1": 0.1640462083347125,
    "auc": 0.5274954737819726
}