{
    "warm": {
        "mse": 0.26267183528793936,
        "ci": 0.9025261798193289,
        "rmse": 0.512515204933414,
        "r2": 0.8083287085536196
    },
    "cold_lig": {
        "mse": 0.9914581269039568,
        "ci": 0.7107106603051295,
        "rmse": 0.9957199038404108,
        "r2": 0.04981280004970401
    },
    "cold_prot": {
        "mse": 1.2847469413393864,
        "ci": 0.7590452434214583,
        "rmse": 1.1334667799893328,
        "r2": 0.21679039483343732
    },
    "cold_both": {
        "mse": 1.4619169030447936,
        "ci": 0.542302930251754,
        "rmse": 1.2090975572900615,
        "r2": -0.2177720818423925
    }
}