{
    "acc": 0.7533577950337059,
    "precision": 0.24249273490474652,
    "recall": 0.13336885100337417,
    "f1": 0.172089825847846,
    "auc": 0.5171206961796496,
    "ci": 0.5121648223307353
}