{
    "warm": {
        "mse": 0.32294100522994995,
        "ci": 0.881393631582739,
        "rmse": 0.568278968334198,
        "r2": 0.7453163654414052
    },
    "cold_lig": {
        "mse": 1.2586946487426758,
        "ci": 0.72116932812183,
        "rmse": 1.121915578842163,
        "r2": -0.3370622034985107
    },
    "cold_prot": {
        "mse": 0.980967104434967,
        "ci": 0.7606031187427947,
        "rmse": 0.9904378056526184,
        "r2": 0.33703173879431236
    },
    "cold_both": {
        "mse": 1.1976157426834106,
        "ci": 0.5503343064318674,
        "rmse": 1.0943562984466553,
        "r2": -0.43700349145134476
    }
}