{
    "acc": 0.8424222797927461,
    "precision": 0.32759493670886075,
    "recall": 0.15459976105137396,
    "f1": 0.21006493506493507,
    "auc": 0.5524263086957563
}