{
    "warm": {
        "mse": 0.17255138002218148,
        "ci": 0.8794934576891152,
        "rmse": 0.4153930428187038,
        "r2": 0.7763588395674494
    },
    "cold_lig": {
        "mse": 0.3876270814055967,
        "ci": 0.7456969205711915,
        "rmse": 0.6225970457732647,
        "r2": 0.2627704852794246
    },
    "cold_prot": {
        "mse": 0.5454967196362784,
        "ci": 0.6790082621390063,
        "rmse": 0.7385774973801181,
        "r2": 0.1575135452812647
    },
    "cold_both": {
        "mse": 0.5160652172425206,
        "ci": 0.6867856826437494,
        "rmse": 0.7183767933630099,
        "r2": -0.004121008836806217
    }
}