{
    "acc": 0.8240932642487047,
    "precision": 0.2968393613554904,
    "recall": 0.2176821983273596,
    "f1": 0.2511717673007996,
    "auc": 0.5684215449400424
}