{
    "warm": {
        "mse": 0.15999358892440796,
        "ci": 0.8634472072458627,
        "rmse": 0.3999919891357422,
        "r2": 0.7563221042307628
    },
    "cold_lig": {
        "mse": 0.36059480905532837,
        "ci": 0.761318309073486,
        "rmse": 0.600495457649231,
        "r2": 0.4381825488889234
    },
    "cold_prot": {
        "mse": 0.31174978613853455,
        "ci": 0.8063769733847542,
        "rmse": 0.5583455562591553,
        "r2": 0.6431930031609043
    },
    "cold_both": {
        "mse": 0.6203905940055847,
        "ci": 0.6972239898186446,
        "rmse": 0.7876487970352173,
        "r2": 0.3161310311304224
    }
}