{
    "acc": {
        "mean": 0.7796842734021674,
        "std": 0.01005480360653818
    },
    "precision": {
        "mean": 0.31104506481241223,
        "std": 0.03595985072348343
    },
    "recall": {
        "mean": 0.11433137986148109,
        "std": 0.019286912440770045
    },
    "f1": {
        "mean": 0.16540137637203184,
        "std": 0.019655803616307112
    },
    "auc": {
        "mean": 0.5261619504677865,
        "std": 0.005675120138413091
    }
}