{
    "acc": 0.771354211110163,
    "precision": 0.2799134288364423,
    "recall": 0.12058248978866987,
    "f1": 0.16855431780804914,
    "auc": 0.5233878159969483
}