{
    "warm": {
        "mse": 0.35277122259140015,
        "ci": 0.8780887590326525,
        "rmse": 0.5939454436302185,
        "r2": 0.754036289340409
    },
    "cold_lig": {
        "mse": 1.0645055770874023,
        "ci": 0.6790153659170209,
        "rmse": 1.0317487716674805,
        "r2": 0.04669938011937502
    },
    "cold_prot": {
        "mse": 0.7495138049125671,
        "ci": 0.802627904123784,
        "rmse": 0.8657446503639221,
        "r2": 0.49278208839352555
    },
    "cold_both": {
        "mse": 1.5080695152282715,
        "ci": 0.611904061212478,
        "rmse": 1.2280348539352417,
        "r2": -0.28451015022783355
    }
}