{
    "acc": 0.8184261658031088,
    "precision": 0.2821691176470588,
    "recall": 0.22007168458781362,
    "f1": 0.2472815142972211,
    "auc": 0.566151219705407
}