{
    "warm": {
        "mse": 0.15370018923358686,
        "ci": 0.8744538972023784,
        "rmse": 0.39204615701928114,
        "r2": 0.7726475210398374
    },
    "cold_lig": {
        "mse": 0.38937302981697436,
        "ci": 0.7843269685103693,
        "rmse": 0.6239976200411139,
        "r2": 0.48542811675547914
    },
    "cold_prot": {
        "mse": 0.5403767399485997,
        "ci": 0.7348074551987184,
        "rmse": 0.7351032172073523,
        "r2": 0.35614439224238603
    },
    "cold_both": {
        "mse": 0.6052728046509037,
        "ci": 0.6364757805860907,
        "rmse": 0.7779928050122982,
        "r2": 0.16995887736227788
    }
}