{
    "acc": 0.7201809028074068,
    "precision": 0.2571198788910966,
    "recall": 0.2412981708399929,
    "f1": 0.24895790389812653,
    "auc": 0.5377101210610925
}