{
    "warm": {
        "mse": 0.3546229436941321,
        "ci": 0.8737460895985821,
        "rmse": 0.5955022617036245,
        "r2": 0.752745209699209
    },
    "cold_lig": {
        "mse": 1.2917262267807181,
        "ci": 0.6973220031229375,
        "rmse": 1.1365413440701215,
        "r2": -0.1567845142994171
    },
    "cold_prot": {
        "mse": 1.3219773257253002,
        "ci": 0.691856185675991,
        "rmse": 1.1497727278576841,
        "r2": 0.10537920456201899
    },
    "cold_both": {
        "mse": 2.2873231182009497,
        "ci": 0.5039729252501471,
        "rmse": 1.5123898697759615,
        "r2": -0.9482455421292288
    }
}