{
    "acc": 0.7533919276388771,
    "precision": 0.23591782637508282,
    "recall": 0.12644290534540933,
    "f1": 0.16464331136547578,
    "auc": 0.5145027997244443
}