{
    "warm": {
        "mse": 0.309286892414093,
        "ci": 0.8769962848422139,
        "rmse": 0.5561356544494629,
        "r2": 0.7673717934716829
    },
    "cold_lig": {
        "mse": 1.746414303779602,
        "ci": 0.6758901889096368,
        "rmse": 1.3215197324752808,
        "r2": -0.12396677118305166
    },
    "cold_prot": {
        "mse": 1.1117377281188965,
        "ci": 0.7881491696160136,
        "rmse": 1.0543897151947021,
        "r2": 0.36480223213505325
    },
    "cold_both": {
        "mse": 2.6827573776245117,
        "ci": 0.5618598022624032,
        "rmse": 1.6379125118255615,
        "r2": -0.3107674522670041
    }
}