{
    "acc": 0.7564126631965185,
    "precision": 0.2539228506047728,
    "recall": 0.137941751021133,
    "f1": 0.1787686996547756,
    "auc": 0.5207539866592367
}