{
    "warm": {
        "mse": 0.30752766132354736,
        "ci": 0.8876581898518359,
        "rmse": 0.5545517802238464,
        "r2": 0.7574719070894327
    },
    "cold_lig": {
        "mse": 1.3615189790725708,
        "ci": 0.7310693080685657,
        "rmse": 1.1668415069580078,
        "r2": -0.4462885585895191
    },
    "cold_prot": {
        "mse": 0.9084227085113525,
        "ci": 0.7791629105376754,
        "rmse": 0.9531121253967285,
        "r2": 0.38605948977249027
    },
    "cold_both": {
        "mse": 1.2533870935440063,
        "ci": 0.5627648554477823,
        "rmse": 1.119547724723816,
        "r2": -0.5039225982907707
    }
}