{
    "acc": 0.7517279631367865,
    "precision": 0.240748047029117,
    "recall": 0.13545551411827383,
    "f1": 0.1733670483279825,
    "auc": 0.5169069766311057
}