{
    "warm": {
        "mse": 0.3368295133113861,
        "ci": 0.8688872108071028,
        "rmse": 0.5803701281547546,
        "r2": 0.7466558182314909
    },
    "cold_lig": {
        "mse": 1.6240466833114624,
        "ci": 0.6993075217526359,
        "rmse": 1.2743809223175049,
        "r2": -0.04521282934564019
    },
    "cold_prot": {
        "mse": 1.0881026983261108,
        "ci": 0.7837101742589249,
        "rmse": 1.043121576309204,
        "r2": 0.37830621827118205
    },
    "cold_both": {
        "mse": 2.48335599899292,
        "ci": 0.5996259018437695,
        "rmse": 1.57586669921875,
        "r2": -0.21334199232669615
    }
}