{
    "acc": 0.7900076798361635,
    "precision": 0.335386072951208,
    "recall": 0.09429941395844432,
    "f1": 0.14720864954777002,
    "auc": 0.5249189166215436
}