{
    "warm": {
        "mse": 0.25077710622555804,
        "ci": 0.8898983185443496,
        "rmse": 0.5007765032682324,
        "r2": 0.7917793429995469
    },
    "cold_lig": {
        "mse": 2.421772225851566,
        "ci": 0.6027289502637986,
        "rmse": 1.5562044293252626,
        "r2": -0.059427418495231255
    },
    "cold_prot": {
        "mse": 1.002756525897161,
        "ci": 0.7657462996563197,
        "rmse": 1.0013773144510318,
        "r2": 0.3480750788191064
    },
    "cold_both": {
        "mse": 3.2580518831966474,
        "ci": 0.6264767932489451,
        "rmse": 1.8050074468535158,
        "r2": -0.11932277594618856
    }
}