{
    "acc": 0.8471826424870467,
    "precision": 0.38441558441558443,
    "recall": 0.2121863799283154,
    "f1": 0.2734411085450347,
    "auc": 0.5794589888028916
}