{
    "warm": {
        "mse": 0.17105223761642652,
        "ci": 0.8839990940157925,
        "rmse": 0.4135846196565178,
        "r2": 0.7783018547275344
    },
    "cold_lig": {
        "mse": 0.4727065972845517,
        "ci": 0.7147516415485221,
        "rmse": 0.6875366152319102,
        "r2": 0.10095740974130807
    },
    "cold_prot": {
        "mse": 0.5985509671738447,
        "ci": 0.6377687171038132,
        "rmse": 0.7736607571628825,
        "r2": 0.07557449174213926
    },
    "cold_both": {
        "mse": 0.588787393259001,
        "ci": 0.5970585629485249,
        "rmse": 0.7673248290385246,
        "r2": -0.14561836674178585
    }
}