{
    "acc": 0.7538860103626943,
    "precision": 0.2065647018388039,
    "recall": 0.28721624850657107,
    "f1": 0.24030387844862056,
    "auc": 0.5571312559258834
}