{
    "warm": {
        "mse": 0.15522963621356212,
        "ci": 0.8958353774235187,
        "rmse": 0.3939919240461181,
        "r2": 0.7744248765801558
    },
    "cold_lig": {
        "mse": 0.6033694478229822,
        "ci": 0.7257979958751558,
        "rmse": 0.7767685934839167,
        "r2": 0.21518864497890566
    },
    "cold_prot": {
        "mse": 0.5367040340851821,
        "ci": 0.6829117443780528,
        "rmse": 0.7326008695634902,
        "r2": 0.19016549248739767
    },
    "cold_both": {
        "mse": 0.7998943104720453,
        "ci": 0.5635790753809585,
        "rmse": 0.8943681068061659,
        "r2": -0.1593621358520576
    }
}