{
    "acc": 0.8148963730569948,
    "precision": 0.2809728183118741,
    "recall": 0.23464755077658303,
    "f1": 0.2557291666666667,
    "auc": 0.5702550359239724
}