{
    "warm": {
        "mse": 0.18758012354373932,
        "ci": 0.8505139014928187,
        "rmse": 0.4331052005290985,
        "r2": 0.7294197323688633
    },
    "cold_lig": {
        "mse": 0.5241501331329346,
        "ci": 0.7397379617985452,
        "rmse": 0.7239821553230286,
        "r2": 0.34944519217078673
    },
    "cold_prot": {
        "mse": 0.3661990165710449,
        "ci": 0.6724931907064303,
        "rmse": 0.6051437854766846,
        "r2": 0.33654291803574765
    },
    "cold_both": {
        "mse": 0.5957549214363098,
        "ci": 0.614106033581401,
        "rmse": 0.7718515992164612,
        "r2": 0.06056849837234346
    }
}