{
    "acc": 0.8342940414507772,
    "precision": 0.2897111913357401,
    "recall": 0.15340501792114694,
    "f1": 0.2005936572410561,
    "auc": 0.5472213327103393
}