{
    "warm": {
        "mse": 0.18565134753983786,
        "ci": 0.8806771300365558,
        "rmse": 0.43087277419191605,
        "r2": 0.7322019493318388
    },
    "cold_lig": {
        "mse": 0.6765519280721276,
        "ci": 0.7109508454601143,
        "rmse": 0.8225277673562927,
        "r2": 0.1602899464108012
    },
    "cold_prot": {
        "mse": 1.979747156610006,
        "ci": 0.6003837278641144,
        "rmse": 1.4070348810921518,
        "r2": -2.586785002201114
    },
    "cold_both": {
        "mse": 2.2740180153320897,
        "ci": 0.5987376222399902,
        "rmse": 1.507984753017115,
        "r2": -2.5858435463196416
    }
}