{
    "acc": 0.7932161447222459,
    "precision": 0.33129318854886475,
    "recall": 0.07449831291067306,
    "f1": 0.12164268367827759,
    "auc": 0.5193599459679388
}