{
    "warm": {
        "mse": 0.3205543742641048,
        "ci": 0.8982879188169016,
        "rmse": 0.5661752151623248,
        "r2": 0.7764989378210274
    },
    "cold_lig": {
        "mse": 0.959370004744981,
        "ci": 0.7423975934471556,
        "rmse": 0.9794743512440645,
        "r2": 0.1408517207719837
    },
    "cold_prot": {
        "mse": 0.8332061178764513,
        "ci": 0.783968558072035,
        "rmse": 0.912801247740411,
        "r2": 0.43614500382640153
    },
    "cold_both": {
        "mse": 1.4496793883982202,
        "ci": 0.6277957622130665,
        "rmse": 1.2040263237978728,
        "r2": -0.23477587555923618
    }
}