{
    "acc": 0.8375323834196892,
    "precision": 0.3229787234042553,
    "recall": 0.1813620071684588,
    "f1": 0.23228768171384853,
    "auc": 0.5608814156464133
}