{
    "warm": {
        "mse": 0.1463063303429034,
        "ci": 0.8946772321488708,
        "rmse": 0.3825001050233887,
        "r2": 0.7873919611664882
    },
    "cold_lig": {
        "mse": 0.5238570546994457,
        "ci": 0.7615722755856316,
        "rmse": 0.7237797003919395,
        "r2": 0.3186115630822439
    },
    "cold_prot": {
        "mse": 0.5250096485342131,
        "ci": 0.6730125856708199,
        "rmse": 0.7245754954000397,
        "r2": 0.2078111898585271
    },
    "cold_both": {
        "mse": 0.828711297361559,
        "ci": 0.5959444270420666,
        "rmse": 0.9103358157084445,
        "r2": -0.20112930812926932
    }
}