{
    "acc": 0.8425841968911917,
    "precision": 0.3115942028985507,
    "recall": 0.13357228195937873,
    "f1": 0.18698779060043488,
    "auc": 0.5436544683818246
}