{
    "warm": {
        "mse": 0.1426300329882835,
        "ci": 0.8913929054958203,
        "rmse": 0.37766391539076577,
        "r2": 0.7827676324996456
    },
    "cold_lig": {
        "mse": 0.4973903856136633,
        "ci": 0.7189845397573561,
        "rmse": 0.7052590911244344,
        "r2": 0.22505087613288022
    },
    "cold_prot": {
        "mse": 0.7503281513728954,
        "ci": 0.6902415781438341,
        "rmse": 0.8662148413487819,
        "r2": 0.14122679086114942
    },
    "cold_both": {
        "mse": 0.9420015191301442,
        "ci": 0.6037718966854234,
        "rmse": 0.9705676272832018,
        "r2": -0.03838729085264214
    }
}