{
    "acc": 0.8290155440414507,
    "precision": 0.31645993965806235,
    "recall": 0.22556750298685782,
    "f1": 0.26339285714285715,
    "auc": 0.574593079082865
}