{
    "warm": {
        "mse": 0.16803666949272156,
        "ci": 0.86964289308254,
        "rmse": 0.4099227488040924,
        "r2": 0.7822102924791667
    },
    "cold_lig": {
        "mse": 0.3243330121040344,
        "ci": 0.7478761204519332,
        "rmse": 0.5695024132728577,
        "r2": 0.3831497576737327
    },
    "cold_prot": {
        "mse": 0.4905308783054352,
        "ci": 0.6784513326206062,
        "rmse": 0.7003790736198425,
        "r2": 0.2424048379549415
    },
    "cold_both": {
        "mse": 0.5200520753860474,
        "ci": 0.6605165234340392,
        "rmse": 0.7211463451385498,
        "r2": -0.011878485167838626
    }
}