{
    "acc": 0.8058290155440414,
    "precision": 0.20591101006820398,
    "recall": 0.15149342891278375,
    "f1": 0.1745594713656388,
    "auc": 0.5299516217424005
}