{
    "warm": {
        "mse": 0.15264062657274877,
        "ci": 0.8915140075628869,
        "rmse": 0.3906924961817782,
        "r2": 0.7781871489368221
    },
    "cold_lig": {
        "mse": 0.6107779905762771,
        "ci": 0.7404533320937597,
        "rmse": 0.7815228663169601,
        "r2": 0.20555224642090175
    },
    "cold_prot": {
        "mse": 0.4836210155499968,
        "ci": 0.6820066563100684,
        "rmse": 0.6954286559741386,
        "r2": 0.2702626362437296
    },
    "cold_both": {
        "mse": 0.7861697535959713,
        "ci": 0.576108787381843,
        "rmse": 0.8866621417405681,
        "r2": -0.13946984337647028
    }
}