{
    "acc": 0.8339054404145078,
    "precision": 0.30414937759336097,
    "recall": 0.17514934289127837,
    "f1": 0.22228961334344197,
    "auc": 0.5561642949706438
}