{
    "warm": {
        "mse": 0.13753887064634518,
        "ci": 0.8874015581461249,
        "rmse": 0.370862333819903,
        "r2": 0.7905217164446361
    },
    "cold_lig": {
        "mse": 0.48567344896730774,
        "ci": 0.7363059016828921,
        "rmse": 0.6969027543117531,
        "r2": 0.2433062144971253
    },
    "cold_prot": {
        "mse": 0.4587984318754605,
        "ci": 0.7689113792589212,
        "rmse": 0.6773466113264762,
        "r2": 0.4748913512459285
    },
    "cold_both": {
        "mse": 0.7801015795122499,
        "ci": 0.6779174040124868,
        "rmse": 0.8832335928350155,
        "r2": 0.1400782808847273
    }
}