{
    "acc": 0.8371113989637305,
    "precision": 0.30192217533989685,
    "recall": 0.15388291517323777,
    "f1": 0.20386198163975944,
    "auc": 0.5490523397742945
}