{
    "warm": {
        "mse": 0.16710951776717015,
        "ci": 0.878102081436378,
        "rmse": 0.40879031026575247,
        "r2": 0.752812515640669
    },
    "cold_lig": {
        "mse": 0.42803876453241585,
        "ci": 0.7755947366118888,
        "rmse": 0.6542467153394168,
        "r2": 0.43432981665259307
    },
    "cold_prot": {
        "mse": 0.8702099021706666,
        "ci": 0.6544824130519825,
        "rmse": 0.9328504178970317,
        "r2": -0.03684981979809643
    },
    "cold_both": {
        "mse": 0.8605758248897415,
        "ci": 0.5739329477233477,
        "rmse": 0.9276722615718018,
        "r2": -0.18015102994483811
    }
}