{
    "acc": {
        "mean": 0.7605597747248058,
        "std": 0.005629733227289582
    },
    "precision": {
        "mean": 0.25750613825127017,
        "std": 0.02261345414093953
    },
    "recall": {
        "mean": 0.1325253063399041,
        "std": 0.027657368717041976
    },
    "f1": {
        "mean": 0.17419956220573765,
        "std": 0.02906080852176853
    },
    "auc": {
        "mean": 0.5212570545389758,
        "std": 0.0098193561549292
    }
}