{
    "acc": 0.7654492704155644,
    "precision": 0.3012096451173596,
    "recall": 0.166933049191973,
    "f1": 0.21481418002113864,
    "auc": 0.5373940170431164,
    "ci": 0.5273701741611543
}