{
    "warm": {
        "mse": 0.30396467447280884,
        "ci": 0.8689002635546502,
        "rmse": 0.5513299107551575,
        "r2": 0.747617609330457
    },
    "cold_lig": {
        "mse": 2.46610164642334,
        "ci": 0.5862885410078923,
        "rmse": 1.5703825950622559,
        "r2": -0.07881976709282101
    },
    "cold_prot": {
        "mse": 0.8875027298927307,
        "ci": 0.7839849674150302,
        "rmse": 0.94207364320755,
        "r2": 0.42300540246379625
    },
    "cold_both": {
        "mse": 2.842926025390625,
        "ci": 0.584915611814346,
        "rmse": 1.6860978603363037,
        "r2": 0.023296195714703205
    }
}