{
    "acc": 0.8362694300518134,
    "precision": 0.2982862436313108,
    "recall": 0.15388291517323777,
    "f1": 0.2030264817150063,
    "auc": 0.5485653571932867
}