{
    "warm": {
        "mse": 0.14975879354137106,
        "ci": 0.8829575061790589,
        "rmse": 0.3869868131362761,
        "r2": 0.7719101889455412
    },
    "cold_lig": {
        "mse": 0.4820618032546414,
        "ci": 0.7276321567329469,
        "rmse": 0.6943067069059907,
        "r2": 0.24893326673155103
    },
    "cold_prot": {
        "mse": 0.6409438464044898,
        "ci": 0.7191284088465433,
        "rmse": 0.8005896866713247,
        "r2": 0.266420428385295
    },
    "cold_both": {
        "mse": 0.8561917318631773,
        "ci": 0.62908357027817,
        "rmse": 0.9253062908373515,
        "r2": 0.056202569905827615
    }
}