{
    "acc": 0.7865517535625907,
    "precision": 0.25759345794392524,
    "recall": 0.05873734683004795,
    "f1": 0.09566160520607375,
    "auc": 0.5092294470824442
}