{
    "warm": {
        "mse": 0.2439604096347178,
        "ci": 0.8998607896655781,
        "rmse": 0.4939234856075562,
        "r2": 0.816506720440754
    },
    "cold_lig": {
        "mse": 1.3303143404564008,
        "ci": 0.6805276866335096,
        "rmse": 1.153392535287272,
        "r2": 0.1438291420380562
    },
    "cold_prot": {
        "mse": 1.1064637158225528,
        "ci": 0.7910651677144973,
        "rmse": 1.051885790294057,
        "r2": 0.3678155645212521
    },
    "cold_both": {
        "mse": 2.1041037171438797,
        "ci": 0.5869778213235949,
        "rmse": 1.4505529004982478,
        "r2": -0.028043257163947732
    }
}