{
    "acc": {
        "mean": 0.7876303438859971,
        "std": 0.005322510555543176
    },
    "precision": {
        "mean": 0.3243920761857645,
        "std": 0.015503491208241592
    },
    "recall": {
        "mean": 0.09548037648730243,
        "std": 0.020490005783392568
    },
    "f1": {
        "mean": 0.14609892224104373,
        "std": 0.025017741192841517
    },
    "auc": {
        "mean": 0.5238974147029924,
        "std": 0.0050662815150340915
    }
}