batch_size,optimizer,learning_rate,train_0,train_1,train_2,train_3,train_4,val_0,val_1,val_2,val_3,val_4,train_mean,train_std,val_mean,val_std
128,adam,0.001,0.06339805573225021,0.11823176592588425,0.07269541919231415,0.06462600082159042,0.06457578390836716,0.2757672667503357,0.3311167359352112,0.3171997368335724,0.3015066683292389,0.33987799286842346,0.07670540511608123,0.021026858517574572,0.3130936801433563,0.022744712041883237
256,adam,0.001,0.1019614189863205,0.09304352849721909,0.08290889859199524,0.04306580126285553,0.05706452950835228,0.28163865208625793,0.3250933587551117,0.3195596933364868,0.26804691553115845,0.34666454792022705,0.07560883536934852,0.022156978401982982,0.30820063352584837,0.02902318053827104
