{
    "acc": 0.7872344056660124,
    "precision": 0.32242852932508104,
    "recall": 0.09714082756171195,
    "f1": 0.1493005800068236,
    "auc": 0.5242850314894314
}