{
    "warm": {
        "mse": 0.2996251993050816,
        "ci": 0.8951096245015175,
        "rmse": 0.5473803059163542,
        "r2": 0.7910914475773202
    },
    "cold_lig": {
        "mse": 0.861184197139429,
        "ci": 0.7526995232976457,
        "rmse": 0.9280001062173586,
        "r2": 0.228780431521437
    },
    "cold_prot": {
        "mse": 0.8563926016418408,
        "ci": 0.7768382669614402,
        "rmse": 0.9254148267895003,
        "r2": 0.42045403080746424
    },
    "cold_both": {
        "mse": 1.2210563807164734,
        "ci": 0.6306650971159505,
        "rmse": 1.1050141993279876,
        "r2": -0.04004442200995717
    }
}