{
    "acc": 0.7609608328355661,
    "precision": 0.26612697060076695,
    "recall": 0.13865210442194992,
    "f1": 0.18231705537231094,
    "auc": 0.5238398163924128
}