{
    "warm": {
        "mse": 0.3039071559906006,
        "ci": 0.891692481329395,
        "rmse": 0.551277756690979,
        "r2": 0.7603271735943408
    },
    "cold_lig": {
        "mse": 1.1729626655578613,
        "ci": 0.7279428751690162,
        "rmse": 1.0830340385437012,
        "r2": -0.24599248607148794
    },
    "cold_prot": {
        "mse": 0.9442611932754517,
        "ci": 0.7684194787070826,
        "rmse": 0.9717310070991516,
        "r2": 0.3618387223959322
    },
    "cold_both": {
        "mse": 1.1800352334976196,
        "ci": 0.5081457764384594,
        "rmse": 1.0862942934036255,
        "r2": -0.41590874636676123
    }
}