{
    "acc": 0.8165479274611399,
    "precision": 0.2745277269957343,
    "recall": 0.21529271206690562,
    "f1": 0.24132851211999465,
    "auc": 0.5630499896727111
}