{
    "warm": {
        "mse": 0.1554213725290804,
        "ci": 0.8839888546000286,
        "rmse": 0.3942351741398532,
        "r2": 0.7701015561264137
    },
    "cold_lig": {
        "mse": 0.3551773227082145,
        "ci": 0.7942782032115665,
        "rmse": 0.5959675517242651,
        "r2": 0.5306190983036971
    },
    "cold_prot": {
        "mse": 0.4759761739011836,
        "ci": 0.7667755942456899,
        "rmse": 0.6899102651078498,
        "r2": 0.43287727603812
    },
    "cold_both": {
        "mse": 0.476812506351996,
        "ci": 0.7123002275281669,
        "rmse": 0.6905161159248899,
        "r2": 0.346122963035845
    }
}