{
    "acc": 0.8400906735751296,
    "precision": 0.3384813384813385,
    "recall": 0.18853046594982079,
    "f1": 0.24217311233885824,
    "auc": 0.5653834199013011
}