{
    "warm": {
        "mse": 0.15647816393692038,
        "ci": 0.8694258591646857,
        "rmse": 0.3955732093265675,
        "r2": 0.76167626619761
    },
    "cold_lig": {
        "mse": 0.4683891604308083,
        "ci": 0.7325366049208025,
        "rmse": 0.6843896261858506,
        "r2": 0.27023565391823745
    },
    "cold_prot": {
        "mse": 0.4418688945648933,
        "ci": 0.7629569434225606,
        "rmse": 0.6647321976291605,
        "r2": 0.4942677175182455
    },
    "cold_both": {
        "mse": 0.7939600697855824,
        "ci": 0.6484500825164535,
        "rmse": 0.8910443702675992,
        "r2": 0.12480178729316505
    }
}