{
    "acc": 0.8211139896373058,
    "precision": 0.30244910002950726,
    "recall": 0.24492234169653523,
    "f1": 0.2706627937681542,
    "auc": 0.5781832161751078
}