{
    "warm": {
        "mse": 0.1625688672065735,
        "ci": 0.8619104088665078,
        "rmse": 0.4031983017921448,
        "r2": 0.7523998520713314
    },
    "cold_lig": {
        "mse": 0.3859206438064575,
        "ci": 0.7436784398875326,
        "rmse": 0.621225118637085,
        "r2": 0.39872408101184187
    },
    "cold_prot": {
        "mse": 0.3225001394748688,
        "ci": 0.8047008446205717,
        "rmse": 0.5678909420967102,
        "r2": 0.6308889063961975
    },
    "cold_both": {
        "mse": 0.615930438041687,
        "ci": 0.7089762965319758,
        "rmse": 0.784812331199646,
        "r2": 0.3210475610262665
    },
    "val": {
        "mse": 0.17040956020355225,
        "ci": 0.8580145348031097,
        "rmse": 0.4128069281578064,
        "r2": 0.7354063297206335
    }
}