{
    "acc": 0.8205634715025907,
    "precision": 0.30976430976430974,
    "recall": 0.2637992831541219,
    "f1": 0.2849399922570654,
    "auc": 0.5858235973740267
}