{
    "warm": {
        "mse": 0.17708007991313934,
        "ci": 0.863340289136407,
        "rmse": 0.4208088517189026,
        "r2": 0.7704892734619326
    },
    "cold_lig": {
        "mse": 0.3359405994415283,
        "ci": 0.7438041864259438,
        "rmse": 0.5796038508415222,
        "r2": 0.36107322645520756
    },
    "cold_prot": {
        "mse": 0.506367564201355,
        "ci": 0.66226962632741,
        "rmse": 0.7115950584411621,
        "r2": 0.21794614058228268
    },
    "cold_both": {
        "mse": 0.502998411655426,
        "ci": 0.6431514131301498,
        "rmse": 0.7092238068580627,
        "r2": 0.021303286734986715
    }
}