{
    "acc": {
        "mean": 0.7711767215632733,
        "std": 0.003764361369351802
    },
    "precision": {
        "mean": 0.2924505946708364,
        "std": 0.006949341793143493
    },
    "recall": {
        "mean": 0.13453205469721188,
        "std": 0.01604978724834305
    },
    "f1": {
        "mean": 0.18381763634578338,
        "std": 0.015883940336999254
    },
    "auc": {
        "mean": 0.5285932197936232,
        "std": 0.0043000063694633005
    }
}