{
    "acc": 0.7573171772335523,
    "precision": 0.22722242714865362,
    "recall": 0.10939442372580359,
    "f1": 0.14768640613761688,
    "auc": 0.5104363367863167
}