{
    "warm": {
        "mse": 0.32955101132392883,
        "ci": 0.8843660013481232,
        "rmse": 0.5740653276443481,
        "r2": 0.7595270535620006
    },
    "cold_lig": {
        "mse": 0.6672948598861694,
        "ci": 0.7425522978554417,
        "rmse": 0.8168811798095703,
        "r2": 0.36048223120149514
    },
    "cold_prot": {
        "mse": 1.2153747081756592,
        "ci": 0.7536587175117057,
        "rmse": 1.102440357208252,
        "r2": 0.25908118556667104
    },
    "cold_both": {
        "mse": 1.3706440925598145,
        "ci": 0.5668179942220388,
        "rmse": 1.1707451343536377,
        "r2": -0.14174215689655267
    }
}