{
    "acc": 0.8296308290155441,
    "precision": 0.3509695290858726,
    "recall": 0.3027479091995221,
    "f1": 0.32508017960230917,
    "auc": 0.6074893320112613
}