{
    "warm": {
        "mse": 0.1577790230512619,
        "ci": 0.8613391433780379,
        "rmse": 0.3972140848636627,
        "r2": 0.7707201814124227
    },
    "cold_lig": {
        "mse": 0.3937927484512329,
        "ci": 0.774891382771041,
        "rmse": 0.6275290846824646,
        "r2": 0.4877880996937094
    },
    "cold_prot": {
        "mse": 0.48814186453819275,
        "ci": 0.674782230919994,
        "rmse": 0.6986715197563171,
        "r2": 0.2634410801110718
    },
    "cold_both": {
        "mse": 0.6564117074012756,
        "ci": 0.6080964050782186,
        "rmse": 0.8101924061775208,
        "r2": 0.04860069640536813
    }
}