{
    "acc": 0.7688369314787952,
    "precision": 0.31826142334023244,
    "recall": 0.17749955602912448,
    "f1": 0.2278971669611811,
    "auc": 0.5435170651081334
}