{
    "warm": {
        "mse": 0.271262404426708,
        "ci": 0.886499531734025,
        "rmse": 0.5208285748945694,
        "r2": 0.786072085714501
    },
    "cold_lig": {
        "mse": 1.245252297456319,
        "ci": 0.7075677032210702,
        "rmse": 1.1159087316874614,
        "r2": -0.3227829305901999
    },
    "cold_prot": {
        "mse": 2.948455083772307,
        "ci": 0.5546403000858131,
        "rmse": 1.7171066023320471,
        "r2": -0.992658266514713
    },
    "cold_both": {
        "mse": 1.5383464000448954,
        "ci": 0.4959035690743008,
        "rmse": 1.2403009312440652,
        "r2": -0.8458415035308648
    }
}