{
    "acc": 0.8268458549222798,
    "precision": 0.2342177493138152,
    "recall": 0.12234169653524492,
    "f1": 0.16072830010987285,
    "auc": 0.5298166620904357
}