{
    "warm": {
        "mse": 0.1789915276234591,
        "ci": 0.8836518380637542,
        "rmse": 0.4230739032644995,
        "r2": 0.7418085954189324
    },
    "cold_lig": {
        "mse": 0.4852148803409129,
        "ci": 0.7631892089868033,
        "rmse": 0.6965736718688935,
        "r2": 0.397770080510498
    },
    "cold_prot": {
        "mse": 0.39708487254389846,
        "ci": 0.6927752711541122,
        "rmse": 0.6301467071594506,
        "r2": 0.2805858764913166
    },
    "cold_both": {
        "mse": 0.49231182191736544,
        "ci": 0.6606648625376714,
        "rmse": 0.7016493582391174,
        "r2": 0.2236854952349867
    }
}