{
    "acc": {
        "mean": 0.8164313471502591,
        "std": 0.032021930574096975
    },
    "precision": {
        "mean": 0.27647619848897204,
        "std": 0.04315266046518579
    },
    "recall": {
        "mean": 0.19082437275985661,
        "std": 0.05123174449017835
    },
    "f1": {
        "mean": 0.21733493574255874,
        "std": 0.018326672685127245
    },
    "auc": {
        "mean": 0.5526663538270158,
        "std": 0.006610488972508696
    }
}