{
    "acc": 0.7845037972523253,
    "precision": 0.32725892179195143,
    "recall": 0.1148108684070325,
    "f1": 0.16998619601656478,
    "auc": 0.5293277716847662
}