{
    "warm": {
        "mse": 0.24663276130383843,
        "ci": 0.8940818170309245,
        "rmse": 0.49662134600099345,
        "r2": 0.7952203996231958
    },
    "cold_lig": {
        "mse": 2.3850468794808166,
        "ci": 0.6439456289147442,
        "rmse": 1.5443596988657846,
        "r2": -0.04336156453771256
    },
    "cold_prot": {
        "mse": 0.9280399158133846,
        "ci": 0.7831208680965126,
        "rmse": 0.9633482837548343,
        "r2": 0.396650798728971
    },
    "cold_both": {
        "mse": 2.5947700314281428,
        "ci": 0.5860759493670886,
        "rmse": 1.6108289888837184,
        "r2": 0.10855158277268395
    }
}