{
    "acc": 0.7621213414113832,
    "precision": 0.26437186372039795,
    "recall": 0.13332445391582312,
    "f1": 0.1772570315497447,
    "auc": 0.5225281133373931
}