{
    "warm": {
        "mse": 0.3046269714832306,
        "ci": 0.8966963235117547,
        "rmse": 0.5519302487373352,
        "r2": 0.7597595055336498
    },
    "cold_lig": {
        "mse": 1.3338253498077393,
        "ci": 0.6982253447461034,
        "rmse": 1.1549135446548462,
        "r2": -0.41687061822392235
    },
    "cold_prot": {
        "mse": 0.8905109167098999,
        "ci": 0.7793118916154533,
        "rmse": 0.9436688423156738,
        "r2": 0.39816478468532057
    },
    "cold_both": {
        "mse": 1.2290467023849487,
        "ci": 0.5234014502307185,
        "rmse": 1.108623743057251,
        "r2": -0.47471701157345736
    }
}