{
    "acc": 0.8323186528497409,
    "precision": 0.3317519484920366,
    "recall": 0.23393070489844683,
    "f1": 0.2743834080717489,
    "auc": 0.5800295966897179
}