{
    "warm": {
        "mse": 0.1538404966863027,
        "ci": 0.8931290099794911,
        "rmse": 0.3922250587179543,
        "r2": 0.7764435331199278
    },
    "cold_lig": {
        "mse": 0.49496241463959356,
        "ci": 0.7709757925494405,
        "rmse": 0.7035356527139144,
        "r2": 0.3561952387224999
    },
    "cold_prot": {
        "mse": 0.4735701210894862,
        "ci": 0.7041018529864289,
        "rmse": 0.6881643125660369,
        "r2": 0.2854284644256674
    },
    "cold_both": {
        "mse": 0.7624435949295876,
        "ci": 0.6171528072082696,
        "rmse": 0.8731801617819701,
        "r2": -0.10508128775492764
    }
}