{
    "acc": 0.8278821243523317,
    "precision": 0.30716723549488056,
    "recall": 0.21505376344086022,
    "f1": 0.25298664792691494,
    "auc": 0.5695047802032921
}