{
    "warm": {
        "mse": 0.19557392325104678,
        "ci": 0.8657063718162293,
        "rmse": 0.44223740598353595,
        "r2": 0.7178888486283883
    },
    "cold_lig": {
        "mse": 0.5513134652079248,
        "ci": 0.7428766843040251,
        "rmse": 0.7425048587099783,
        "r2": 0.3157310766471737
    },
    "cold_prot": {
        "mse": 0.35685202683952477,
        "ci": 0.7184061336880709,
        "rmse": 0.5973709290210939,
        "r2": 0.35347728946115275
    },
    "cold_both": {
        "mse": 0.5085437615490833,
        "ci": 0.6601420751583739,
        "rmse": 0.7131225431502523,
        "r2": 0.19808974551787395
    }
}