{
    "acc": 0.7770970219301988,
    "precision": 0.3208880923934687,
    "recall": 0.14309181317705558,
    "f1": 0.19792434291328914,
    "auc": 0.5355192444289351
}