{
    "warm": {
        "mse": 0.3346770454496177,
        "ci": 0.8880334220634926,
        "rmse": 0.5785127876284306,
        "r2": 0.7666521465613146
    },
    "cold_lig": {
        "mse": 1.2644725700641852,
        "ci": 0.70082452157645,
        "rmse": 1.1244876922688773,
        "r2": -0.132377943159115
    },
    "cold_prot": {
        "mse": 1.9084423740538619,
        "ci": 0.6887899060083159,
        "rmse": 1.38146385188099,
        "r2": -0.29149887936760965
    },
    "cold_both": {
        "mse": 2.0874142463872425,
        "ci": 0.45210417892878163,
        "rmse": 1.444788651113803,
        "r2": -0.7779715807269283
    }
}