{
    "acc": 0.7651932758767813,
    "precision": 0.2277238521103719,
    "recall": 0.09270111880660628,
    "f1": 0.1317641119490108,
    "auc": 0.5089506481363224
}