{
    "warm": {
        "mse": 0.3233659267425537,
        "ci": 0.872598045290915,
        "rmse": 0.5686527490615845,
        "r2": 0.7567823508355488
    },
    "cold_lig": {
        "mse": 1.656461238861084,
        "ci": 0.662833251809298,
        "rmse": 1.2870358228683472,
        "r2": -0.06607416718828629
    },
    "cold_prot": {
        "mse": 1.1215757131576538,
        "ci": 0.7812797510186239,
        "rmse": 1.0590447187423706,
        "r2": 0.3591812517064933
    },
    "cold_both": {
        "mse": 2.3534586429595947,
        "ci": 0.5965084172085152,
        "rmse": 1.5340986251831055,
        "r2": -0.14987561645099334
    }
}