{
    "acc": {
        "mean": 0.7292943083880877,
        "std": 0.011021099235986648
    },
    "precision": {
        "mean": 0.27034326667257347,
        "std": 0.01075404835771684
    },
    "recall": {
        "mean": 0.23977979044574674,
        "std": 0.029651623229035497
    },
    "f1": {
        "mean": 0.2530670340359306,
        "std": 0.018887831531554662
    },
    "auc": {
        "mean": 0.5427724507338276,
        "std": 0.007414303159243586
    }
}