{
    "acc": {
        "mean": 0.8209067357512954,
        "std": 0.012264479641282477
    },
    "precision": {
        "mean": 0.24685946575076922,
        "std": 0.044139527903788
    },
    "recall": {
        "mean": 0.15622461170848267,
        "std": 0.038263845573509654
    },
    "f1": {
        "mean": 0.18981902489624808,
        "std": 0.039769337663686836
    },
    "auc": {
        "mean": 0.5406670913946048,
        "std": 0.01711168042677586
    }
}