batch_size,optimizer,learning_rate,train_0,train_1,train_2,train_3,train_4,val_0,val_1,val_2,val_3,val_4,train_mean,train_std,val_mean,val_std
128,adam,0.001,0.04648958146572113,0.0524652898311615,0.06260313838720322,0.04958203807473183,0.03752888739109039,0.18676993250846863,0.15993790328502655,0.1793607920408249,0.1839722841978073,0.170405775308609,0.049733787029981616,0.008155841889007906,0.17608933746814728,0.009798878298786081
256,adam,0.001,0.036138150840997696,0.03109920769929886,0.041880372911691666,0.03126363083720207,0.03198391944169998,0.16949257254600525,0.15283086895942688,0.17334303259849548,0.15984883904457092,0.1659759134054184,0.03447305634617805,0.004135696983517048,0.16429824531078338,0.0072512305058899254
