{
    "acc": 0.7599112552265551,
    "precision": 0.2713121434392828,
    "recall": 0.1477979044574676,
    "f1": 0.19135483129275163,
    "auc": 0.5266750281165922
}