{
    "warm": {
        "mse": 0.2920440137386322,
        "ci": 0.8797402432989216,
        "rmse": 0.5404109954833984,
        "r2": 0.757515355818088
    },
    "cold_lig": {
        "mse": 2.6194119453430176,
        "ci": 0.5543598229214496,
        "rmse": 1.618459701538086,
        "r2": -0.1458868100517845
    },
    "cold_prot": {
        "mse": 0.8786152005195618,
        "ci": 0.7811330477821451,
        "rmse": 0.9373447895050049,
        "r2": 0.42878344249026223
    },
    "cold_both": {
        "mse": 2.911149263381958,
        "ci": 0.5660337552742616,
        "rmse": 1.7062090635299683,
        "r2": -0.00014231344690029957
    }
}