{
    "acc": 0.8037564766839378,
    "precision": 0.2722856448870537,
    "recall": 0.26786140979689366,
    "f1": 0.2700554083353409,
    "auc": 0.5778153274869465
}