{
    "warm": {
        "mse": 0.18591825664043427,
        "ci": 0.8530676260104125,
        "rmse": 0.4311823844909668,
        "r2": 0.73181693255215
    },
    "cold_lig": {
        "mse": 0.5337149500846863,
        "ci": 0.7384625451305783,
        "rmse": 0.7305579781532288,
        "r2": 0.3375736351829344
    },
    "cold_prot": {
        "mse": 0.35838308930397034,
        "ci": 0.6751691724179083,
        "rmse": 0.5986510515213013,
        "r2": 0.3507032839464794
    },
    "cold_both": {
        "mse": 0.5942317247390747,
        "ci": 0.6286671997047789,
        "rmse": 0.7708642482757568,
        "r2": 0.06297046941931062
    }
}