{
    "acc": {
        "mean": 0.7539295161703217,
        "std": 0.01258093170330117
    },
    "precision": {
        "mean": 0.2495185386866608,
        "std": 0.026278389254261823
    },
    "recall": {
        "mean": 0.13987746403835905,
        "std": 0.031137644697493
    },
    "f1": {
        "mean": 0.17774805954353376,
        "std": 0.029058737934286837
    },
    "auc": {
        "mean": 0.5199545772011879,
        "std": 0.009580528794245563
    }
}
