{
    "acc": 0.8031735751295337,
    "precision": 0.2005694400506169,
    "recall": 0.15149342891278375,
    "f1": 0.17261094473182684,
    "auc": 0.5284157536022994
}