{
    "warm": {
        "mse": 0.16259926694191598,
        "ci": 0.887289512052306,
        "rmse": 0.4032359941050848,
        "r2": 0.7637155468306486
    },
    "cold_lig": {
        "mse": 0.6415966455585376,
        "ci": 0.719558362304288,
        "rmse": 0.8009972818671344,
        "r2": 0.16546597678324604
    },
    "cold_prot": {
        "mse": 0.5395881951778513,
        "ci": 0.6807615848094263,
        "rmse": 0.7345666717036999,
        "r2": 0.18581357219290973
    },
    "cold_both": {
        "mse": 0.8808934038379503,
        "ci": 0.552072008991911,
        "rmse": 0.9385592170118785,
        "r2": -0.27676174809752796
    }
}