{
    "acc": {
        "mean": 0.8222797927461141,
        "std": 0.008080088274198007
    },
    "precision": {
        "mean": 0.31115172669782126,
        "std": 0.026659404802220392
    },
    "recall": {
        "mean": 0.25471923536439667,
        "std": 0.026489909776660627
    },
    "f1": {
        "mean": 0.2794866265299417,
        "std": 0.023109181001009376
    },
    "auc": {
        "mean": 0.582988012512691,
        "std": 0.012030999714323998
    }
}