{
    "acc": 0.797020725388601,
    "precision": 0.21284808381582576,
    "recall": 0.18446833930704898,
    "f1": 0.19764464925755248,
    "auc": 0.5387597362390274
}