{
    "warm": {
        "mse": 0.16433640124788151,
        "ci": 0.8926628340683732,
        "rmse": 0.40538426369049096,
        "r2": 0.787006145811984
    },
    "cold_lig": {
        "mse": 0.43116072076409134,
        "ci": 0.7331923387212258,
        "rmse": 0.6566282972611608,
        "r2": 0.17997368041763684
    },
    "cold_prot": {
        "mse": 0.6246451345207308,
        "ci": 0.6319564558220266,
        "rmse": 0.7903449465396302,
        "r2": 0.0352736397927933
    },
    "cold_both": {
        "mse": 0.5580425424573081,
        "ci": 0.599860458935058,
        "rmse": 0.747022451106597,
        "r2": -0.08579734108055614
    }
}