{
    "acc": 0.761302158887277,
    "precision": 0.2985284330400059,
    "recall": 0.1792310424436157,
    "f1": 0.2239853524565151,
    "auc": 0.5395130557114873
}