{
    "warm": {
        "mse": 0.3065667748451233,
        "ci": 0.8721673629573363,
        "rmse": 0.5536847114562988,
        "r2": 0.7454570817051314
    },
    "cold_lig": {
        "mse": 2.868652105331421,
        "ci": 0.5165426365991216,
        "rmse": 1.6937096118927002,
        "r2": -0.25491938601080943
    },
    "cold_prot": {
        "mse": 0.8507801294326782,
        "ci": 0.7881854502133796,
        "rmse": 0.9223774075508118,
        "r2": 0.446879940671041
    },
    "cold_both": {
        "mse": 3.207219123840332,
        "ci": 0.5156118143459916,
        "rmse": 1.790871024131775,
        "r2": -0.10185883311036603
    }
}