{
    "acc": 0.7500981312398669,
    "precision": 0.2768611404435058,
    "recall": 0.18624578227668265,
    "f1": 0.22268818345896593,
    "auc": 0.5352510047166059
}