{
    "warm": {
        "mse": 0.346211117230308,
        "ci": 0.8476533278090437,
        "rmse": 0.5883970744576387,
        "r2": 0.7125403216603163
    },
    "cold_lig": {
        "mse": 2.157773251417486,
        "ci": 0.6752869729444074,
        "rmse": 1.468936095076122,
        "r2": 0.05606145737200252
    },
    "cold_prot": {
        "mse": 1.8061901607528028,
        "ci": 0.6235245651091978,
        "rmse": 1.343945743232517,
        "r2": -0.1742634904649194
    },
    "cold_both": {
        "mse": 4.067474342528721,
        "ci": 0.4975738396624473,
        "rmse": 2.0167980420777685,
        "r2": -0.3974045949514271
    }
}