{
    "acc": 0.8207577720207254,
    "precision": 0.20106288751107174,
    "recall": 0.1084826762246117,
    "f1": 0.14092813906565266,
    "auc": 0.5204522390300806
}