{
    "warm": {
        "mse": 0.1790953640859222,
        "ci": 0.8801932637307064,
        "rmse": 0.4231966021672695,
        "r2": 0.7678772835829134
    },
    "cold_lig": {
        "mse": 0.3850608366059369,
        "ci": 0.7474416486392528,
        "rmse": 0.6205327038971732,
        "r2": 0.26765123664861956
    },
    "cold_prot": {
        "mse": 0.6171944248871343,
        "ci": 0.6516509459054839,
        "rmse": 0.7856172254266923,
        "r2": 0.04678080696427134
    },
    "cold_both": {
        "mse": 0.5820362147987952,
        "ci": 0.5935589616372818,
        "rmse": 0.7629129798337391,
        "r2": -0.13248242984892333
    }
}