{
    "acc": 0.7939499957334244,
    "precision": 0.35495978552278823,
    "recall": 0.0881726158763985,
    "f1": 0.1412568014509762,
    "auc": 0.5250245539821854
}