{
    "warm": {
        "mse": 0.2914912470436039,
        "ci": 0.8881508995478993,
        "rmse": 0.5398992934275835,
        "r2": 0.7872992218411291
    },
    "cold_lig": {
        "mse": 0.9752272744136662,
        "ci": 0.7498457872745604,
        "rmse": 0.9875359610736544,
        "r2": 0.06536801903682876
    },
    "cold_prot": {
        "mse": 1.2310956964195092,
        "ci": 0.7881701988465488,
        "rmse": 1.1095475187748876,
        "r2": 0.24949735758096814
    },
    "cold_both": {
        "mse": 1.3862873748037217,
        "ci": 0.6496904663640115,
        "rmse": 1.1774070556964238,
        "r2": -0.15477292788017438
    }
}