{
    "acc": {
        "mean": 0.8145401554404146,
        "std": 0.0038152561330164697
    },
    "precision": {
        "mean": 0.29054589399956876,
        "std": 0.006510071782167826
    },
    "recall": {
        "mean": 0.25691756272401434,
        "std": 0.03254631161228232
    },
    "f1": {
        "mean": 0.2719550483523758,
        "std": 0.020943971917065665
    },
    "auc": {
        "mean": 0.5794383655538033,
        "std": 0.011548160178032662
    }
}