{
    "acc": 0.7751173308302757,
    "precision": 0.30589904723292116,
    "recall": 0.13399041022908897,
    "f1": 0.18635381290521766,
    "auc": 0.5308259363168769
}