{
    "warm": {
        "mse": 0.2736185896657883,
        "ci": 0.8894246932257522,
        "rmse": 0.523085642763963,
        "r2": 0.7842139078555678
    },
    "cold_lig": {
        "mse": 1.2094013507554662,
        "ci": 0.7488533871839705,
        "rmse": 1.0997278530415906,
        "r2": -0.2846998686771578
    },
    "cold_prot": {
        "mse": 0.8481152348251562,
        "ci": 0.7684671526519715,
        "rmse": 0.9209317210440501,
        "r2": 0.4268171684442983
    },
    "cold_both": {
        "mse": 1.447701111323276,
        "ci": 0.5556078726810434,
        "rmse": 1.203204517662428,
        "r2": -0.7370774202158064
    }
}