{
    "acc": 0.8254533678756477,
    "precision": 0.2901428073841867,
    "recall": 0.1990442054958184,
    "f1": 0.23611111111111108,
    "auc": 0.561350160436615
}