{
    "warm": {
        "mse": 0.19825179368266477,
        "ci": 0.8743825630344259,
        "rmse": 0.445254751443109,
        "r2": 0.7140260784894572
    },
    "cold_lig": {
        "mse": 0.5633585627820878,
        "ci": 0.7330377998281055,
        "rmse": 0.7505721569456782,
        "r2": 0.3007811679856035
    },
    "cold_prot": {
        "mse": 0.3666094058419595,
        "ci": 0.7101626736250373,
        "rmse": 0.6054827874035392,
        "r2": 0.3357994660331083
    },
    "cold_both": {
        "mse": 0.5270094641283611,
        "ci": 0.6512162494618365,
        "rmse": 0.7259541749507066,
        "r2": 0.16897162948901234
    }
}