{
    "acc": 0.8162888601036269,
    "precision": 0.2966101694915254,
    "recall": 0.25925925925925924,
    "f1": 0.2766798418972332,
    "auc": 0.581437084209139
}