{
    "warm": {
        "mse": 0.1693712337321252,
        "ci": 0.8769382393535902,
        "rmse": 0.4115473651138168,
        "r2": 0.753874724667058
    },
    "cold_lig": {
        "mse": 0.4994447383673724,
        "ci": 0.7607247870560558,
        "rmse": 0.7067140428542315,
        "r2": 0.35036501551326416
    },
    "cold_prot": {
        "mse": 0.47201206864033257,
        "ci": 0.7014932674439157,
        "rmse": 0.6870313447291416,
        "r2": 0.2877794149639651
    },
    "cold_both": {
        "mse": 0.7266318320639622,
        "ci": 0.6365185826684602,
        "rmse": 0.8524270244800796,
        "r2": -0.053175928083076585
    }
}