{
    "acc": 0.7683761413089855,
    "precision": 0.25299401197604793,
    "recall": 0.10504350914580003,
    "f1": 0.14845024469820556,
    "auc": 0.5156236074028495
}