{
    "warm": {
        "mse": 0.2691699722714783,
        "ci": 0.8815573687805693,
        "rmse": 0.5188159329391092,
        "r2": 0.7975455073021156
    },
    "cold_lig": {
        "mse": 1.7044245786342997,
        "ci": 0.649018944519621,
        "rmse": 1.3055361268974137,
        "r2": -0.09694273709784063
    },
    "cold_prot": {
        "mse": 1.2946122925394123,
        "ci": 0.7339017915290765,
        "rmse": 1.1378103060437676,
        "r2": 0.26031578838132374
    },
    "cold_both": {
        "mse": 2.5251549151486805,
        "ci": 0.54092811971141,
        "rmse": 1.5890736028103545,
        "r2": -0.2337645063128262
    }
}