{
    "acc": 0.8200453367875647,
    "precision": 0.2778497409326425,
    "recall": 0.2050179211469534,
    "f1": 0.23594115220679227,
    "auc": 0.5607408392024334
}