{
    "warm": {
        "mse": 0.18667382464290053,
        "ci": 0.8728831138470045,
        "rmse": 0.43205766356228487,
        "r2": 0.7238730999541028
    },
    "cold_lig": {
        "mse": 0.4328457041539471,
        "ci": 0.7723250445926033,
        "rmse": 0.6579101033985928,
        "r2": 0.4279772555241125
    },
    "cold_prot": {
        "mse": 0.5740915602691666,
        "ci": 0.7482732354256122,
        "rmse": 0.7576883002060719,
        "r2": 0.3159733883423992
    },
    "cold_both": {
        "mse": 0.5961763737026038,
        "ci": 0.6420680391458099,
        "rmse": 0.7721245843143474,
        "r2": 0.18243327188042935
    }
}