{
    "acc": 0.8267163212435233,
    "precision": 0.33042466550319954,
    "recall": 0.2714456391875747,
    "f1": 0.29804538895447985,
    "auc": 0.5926061310753383
}