{
    "warm": {
        "mse": 0.17682147026062012,
        "ci": 0.8642521618272133,
        "rmse": 0.4205014407634735,
        "r2": 0.7708244548604611
    },
    "cold_lig": {
        "mse": 0.3273007869720459,
        "ci": 0.7459927287639642,
        "rmse": 0.5721020698547363,
        "r2": 0.3775053479086188
    },
    "cold_prot": {
        "mse": 0.48481500148773193,
        "ci": 0.6804338148833319,
        "rmse": 0.6962865591049194,
        "r2": 0.2512327363296716
    },
    "cold_both": {
        "mse": 0.5115014314651489,
        "ci": 0.6714804642509081,
        "rmse": 0.7151932716369629,
        "r2": 0.004758695859601647
    },
    "val": {
        "mse": 0.17076808214187622,
        "ci": 0.859532969360668,
        "rmse": 0.4132409393787384,
        "r2": 0.7645028119020567
    }
}