{
    "acc": 0.8124028497409327,
    "precision": 0.30118694362017806,
    "recall": 0.2910394265232975,
    "f1": 0.29602624863288374,
    "auc": 0.5925884527259679
}