{
    "warm": {
        "mse": 0.17478081583976746,
        "ci": 0.8651455048469362,
        "rmse": 0.41806796193122864,
        "r2": 0.773469297898246
    },
    "cold_lig": {
        "mse": 0.3418644070625305,
        "ci": 0.7443743372740419,
        "rmse": 0.5846917033195496,
        "r2": 0.349806733049397
    },
    "cold_prot": {
        "mse": 0.49110153317451477,
        "ci": 0.673221299510521,
        "rmse": 0.7007863521575928,
        "r2": 0.2415235324942402
    },
    "cold_both": {
        "mse": 0.5672925114631653,
        "ci": 0.6569504739966333,
        "rmse": 0.7531882524490356,
        "r2": -0.10379549306647529
    }
}