{
    "acc": 0.7697841112722928,
    "precision": 0.24161930170513862,
    "recall": 0.092479133368851,
    "f1": 0.13376143843313532,
    "auc": 0.5117076333609515
}