{
    "warm": {
        "mse": 0.31968799233436584,
        "ci": 0.8853051750444909,
        "rmse": 0.5654096007347107,
        "r2": 0.766724087997639
    },
    "cold_lig": {
        "mse": 0.8646103143692017,
        "ci": 0.7125829572908,
        "rmse": 0.9298442602157593,
        "r2": 0.17138038380790643
    },
    "cold_prot": {
        "mse": 1.2012542486190796,
        "ci": 0.756274225737173,
        "rmse": 1.0960174798965454,
        "r2": 0.26768936911421104
    },
    "cold_both": {
        "mse": 1.4471435546875,
        "ci": 0.5310771770532398,
        "rmse": 1.2029727697372437,
        "r2": -0.20546594901374782
    }
}