{
    "acc": 0.7410444577182353,
    "precision": 0.2405995092512766,
    "recall": 0.16107263363523353,
    "f1": 0.19296332739409092,
    "auc": 0.520055257091844
}