{
    "warm": {
        "mse": 0.34252527356147766,
        "ci": 0.8746457988137262,
        "rmse": 0.5852565765380859,
        "r2": 0.7298714413740673
    },
    "cold_lig": {
        "mse": 1.224549651145935,
        "ci": 0.7249477852870021,
        "rmse": 1.1065937280654907,
        "r2": -0.30079129327420695
    },
    "cold_prot": {
        "mse": 0.9519932270050049,
        "ci": 0.7679860792080925,
        "rmse": 0.9757013916969299,
        "r2": 0.3566131329050096
    },
    "cold_both": {
        "mse": 1.2817411422729492,
        "ci": 0.5262265750070628,
        "rmse": 1.132140040397644,
        "r2": -0.5379442572158595
    },
    "val": {
        "mse": 0.3972058892250061,
        "ci": 0.8668709311578539,
        "rmse": 0.6302427053451538,
        "r2": 0.711668190459189
    }
}