{
    "acc": 0.7801177574878403,
    "precision": 0.2806329456315932,
    "recall": 0.09212395666844254,
    "f1": 0.13871248078080087,
    "auc": 0.5179684706334629
}