{
    "warm": {
        "mse": 0.2848670062388523,
        "ci": 0.8898480215127523,
        "rmse": 0.5337293379971279,
        "r2": 0.7857390824549897
    },
    "cold_lig": {
        "mse": 1.507893216007895,
        "ci": 0.7074966706060033,
        "rmse": 1.2279630352774855,
        "r2": 0.029541974251321435
    },
    "cold_prot": {
        "mse": 1.133007915953713,
        "ci": 0.7925563031057674,
        "rmse": 1.064428445671062,
        "r2": 0.35264938244480015
    },
    "cold_both": {
        "mse": 2.2856001858660244,
        "ci": 0.6459428164246904,
        "rmse": 1.5118201565880858,
        "r2": -0.11672054970831947
    }
}