{
    "acc": 0.799449481865285,
    "precision": 0.29187396351575456,
    "recall": 0.33643966547192355,
    "f1": 0.3125763125763126,
    "auc": 0.6042378136312605
}