{
    "warm": {
        "mse": 0.1616615653038025,
        "ci": 0.854568770971286,
        "rmse": 0.40207159519195557,
        "r2": 0.7608710758959556
    },
    "cold_lig": {
        "mse": 0.3733495771884918,
        "ci": 0.7650984015583215,
        "rmse": 0.6110233664512634,
        "r2": 0.5066037432283821
    },
    "cold_prot": {
        "mse": 0.5523785948753357,
        "ci": 0.7238429652227323,
        "rmse": 0.7432217597961426,
        "r2": 0.34184421776620755
    },
    "cold_both": {
        "mse": 0.6072218418121338,
        "ci": 0.6591463581786782,
        "rmse": 0.7792444229125977,
        "r2": 0.16728604324322072
    },
    "val": {
        "mse": 0.15767891705036163,
        "ci": 0.8655263402737352,
        "rmse": 0.39708805084228516,
        "r2": 0.7760748954425001
    }
}