{
    "acc": 0.7322041129789231,
    "precision": 0.24736211715051618,
    "recall": 0.19255016870893268,
    "f1": 0.2165414284644382,
    "auc": 0.5265774104271851
}