{
    "warm": {
        "mse": 0.3455408215522766,
        "ci": 0.8910817861081219,
        "rmse": 0.587827205657959,
        "r2": 0.7590775677551078
    },
    "cold_lig": {
        "mse": 1.0787522792816162,
        "ci": 0.6881891093753298,
        "rmse": 1.0386300086975098,
        "r2": 0.033940906024508166
    },
    "cold_prot": {
        "mse": 0.793310821056366,
        "ci": 0.8028262759090518,
        "rmse": 0.8906799554824829,
        "r2": 0.4631433956011145
    },
    "cold_both": {
        "mse": 1.6446661949157715,
        "ci": 0.5743084167157151,
        "rmse": 1.2824454307556152,
        "r2": -0.4008573896454959
    }
}