{
    "acc": 0.8081282383419689,
    "precision": 0.2995391705069124,
    "recall": 0.3106332138590203,
    "f1": 0.3049853372434017,
    "auc": 0.5983771051501509
}