{
    "warm": {
        "mse": 0.15281495451927185,
        "ci": 0.8681564916345944,
        "rmse": 0.39091554284095764,
        "r2": 0.7779338180686477
    },
    "cold_lig": {
        "mse": 0.38950344920158386,
        "ci": 0.7708107441845672,
        "rmse": 0.6241021156311035,
        "r2": 0.4933672468908078
    },
    "cold_prot": {
        "mse": 0.4495146870613098,
        "ci": 0.6986410259408282,
        "rmse": 0.6704585552215576,
        "r2": 0.3217257906386529
    },
    "cold_both": {
        "mse": 0.5895620584487915,
        "ci": 0.635164268209541,
        "rmse": 0.767829418182373,
        "r2": 0.14549222869082057
    }
}