{
    "acc": 0.8401230569948187,
    "precision": 0.2687576875768758,
    "recall": 0.10442054958183991,
    "f1": 0.15040440543796252,
    "auc": 0.5299401867594534
}