{
    "warm": {
        "mse": 0.16444319173474253,
        "ci": 0.8875252491911135,
        "rmse": 0.40551595743539187,
        "r2": 0.7610360097727473
    },
    "cold_lig": {
        "mse": 0.5368871192857256,
        "ci": 0.7528824454363363,
        "rmse": 0.732725814534827,
        "r2": 0.30166316988655306
    },
    "cold_prot": {
        "mse": 0.6313914847715217,
        "ci": 0.6900418976789426,
        "rmse": 0.7946014628551358,
        "r2": 0.04729128226294954
    },
    "cold_both": {
        "mse": 0.8735265842335906,
        "ci": 0.5785041734996591,
        "rmse": 0.9346264410092359,
        "r2": -0.2660843228438001
    }
}