{
    "acc": 0.7205990272207526,
    "precision": 0.25746428062847104,
    "recall": 0.24080980287693127,
    "f1": 0.24885870936661236,
    "auc": 0.5377828407197282
}