{
    "warm": {
        "mse": 0.2880001607984557,
        "ci": 0.8749801848644069,
        "rmse": 0.5366564644150443,
        "r2": 0.7833825000637384
    },
    "cold_lig": {
        "mse": 1.862654937142806,
        "ci": 0.5772004348741971,
        "rmse": 1.3647911697922162,
        "r2": -0.19877748222535407
    },
    "cold_prot": {
        "mse": 1.526261149919593,
        "ci": 0.6976442609767319,
        "rmse": 1.2354194226737707,
        "r2": 0.1279618756067702
    },
    "cold_both": {
        "mse": 2.503110695571897,
        "ci": 0.5671149906475461,
        "rmse": 1.5821222125903855,
        "r2": -0.2229939292206875
    }
}