{
    "acc": 0.7656028671388344,
    "precision": 0.28576379863096785,
    "recall": 0.14642159474338484,
    "f1": 0.19362982533392045,
    "auc": 0.5296735189401542
}