{
    "warm": {
        "mse": 0.3154619274768171,
        "ci": 0.8931123630318396,
        "rmse": 0.5616599749642279,
        "r2": 0.7800495593611689
    },
    "cold_lig": {
        "mse": 1.739103360049092,
        "ci": 0.6250593238776198,
        "rmse": 1.3187506815350247,
        "r2": -0.557425864677739
    },
    "cold_prot": {
        "mse": 1.5050347177609007,
        "ci": 0.6916062633281044,
        "rmse": 1.226798564459912,
        "r2": -0.018501096927903138
    },
    "cold_both": {
        "mse": 2.0336330930274835,
        "ci": 0.5028693349028841,
        "rmse": 1.4260550806429195,
        "r2": -0.7321630583323615
    }
}