{
    "acc": 0.8131476683937824,
    "precision": 0.2692867540029112,
    "recall": 0.22102747909199522,
    "f1": 0.2427821522309711,
    "auc": 0.563501190379487
}