{
    "warm": {
        "mse": 0.16348685492753426,
        "ci": 0.8827627857661964,
        "rmse": 0.4043350775378439,
        "r2": 0.7624257301803901
    },
    "cold_lig": {
        "mse": 0.5314072454325985,
        "ci": 0.75401262431123,
        "rmse": 0.7289768483515773,
        "r2": 0.3087909209510702
    },
    "cold_prot": {
        "mse": 0.5083277774640629,
        "ci": 0.6860032335325229,
        "rmse": 0.7129710916047458,
        "r2": 0.23298252076814274
    },
    "cold_both": {
        "mse": 0.7770936560187788,
        "ci": 0.58455712995891,
        "rmse": 0.8815291577813968,
        "r2": -0.1263150006246998
    }
}