{
    "acc": {
        "mean": 0.8138277202072539,
        "std": 0.007708505580425051
    },
    "precision": {
        "mean": 0.29278690969645005,
        "std": 0.021013592313355957
    },
    "recall": {
        "mean": 0.26179211469534047,
        "std": 0.009454155713359702
    },
    "f1": {
        "mean": 0.27619633942524646,
        "std": 0.01320629326723695
    },
    "auc": {
        "mean": 0.5810814853304386,
        "std": 0.007113584649729226
    }
}