{
    "acc": 0.7935233381687857,
    "precision": 0.3462598786987686,
    "recall": 0.08364411294619073,
    "f1": 0.13473985338816377,
    "auc": 0.5230349523385591
}