{
    "warm": {
        "mse": 0.23945772283417707,
        "ci": 0.8977322838276789,
        "rmse": 0.4893441762544815,
        "r2": 0.8198933878475535
    },
    "cold_lig": {
        "mse": 1.6037519217354774,
        "ci": 0.649018944519621,
        "rmse": 1.2663932729351801,
        "r2": -0.032151287130607775
    },
    "cold_prot": {
        "mse": 1.1308101714364391,
        "ci": 0.7773945149158146,
        "rmse": 1.0633955855825428,
        "r2": 0.3539050764699281
    },
    "cold_both": {
        "mse": 2.304162299191767,
        "ci": 0.5877794602298032,
        "rmse": 1.5179467379298153,
        "r2": -0.12578980579477594
    }
}