{
    "acc": 0.7866200187729329,
    "precision": 0.3298134942402633,
    "recall": 0.10677499556029124,
    "f1": 0.16132277971558895,
    "auc": 0.5275756962885858
}