{
    "warm": {
        "mse": 0.28273304016489703,
        "ci": 0.8974083908302545,
        "rmse": 0.5317264711906837,
        "r2": 0.8028692170087768
    },
    "cold_lig": {
        "mse": 0.8103409206389448,
        "ci": 0.7576987935106793,
        "rmse": 0.9001893804299986,
        "r2": 0.27431230483377456
    },
    "cold_prot": {
        "mse": 0.9070137321788084,
        "ci": 0.7691768092942401,
        "rmse": 0.9523726855484719,
        "r2": 0.3861972283754669
    },
    "cold_both": {
        "mse": 1.2078799005308993,
        "ci": 0.6209535020600353,
        "rmse": 1.0990358959246505,
        "r2": -0.02882125088112697
    }
}