{
    "acc": 0.7971584606195068,
    "precision": 0.3443973047167457,
    "recall": 0.06126798082045818,
    "f1": 0.1040292488032867,
    "auc": 0.5167588926982734
}