{
    "warm": {
        "mse": 0.3187336504824366,
        "ci": 0.872344312858935,
        "rmse": 0.5645650099700092,
        "r2": 0.7353549089448663
    },
    "cold_lig": {
        "mse": 3.2544855136730337,
        "ci": 0.5113481014303165,
        "rmse": 1.804019266436208,
        "r2": -0.4237058091077781
    },
    "cold_prot": {
        "mse": 1.036232533443525,
        "ci": 0.7543675224058406,
        "rmse": 1.0179550743738768,
        "r2": 0.3263112278567917
    },
    "cold_both": {
        "mse": 4.153515538858811,
        "ci": 0.4989451476793249,
        "rmse": 2.0380175511655465,
        "r2": -0.4269645510769373
    }
}