{
    "acc": 0.7745712091475382,
    "precision": 0.28651315789473686,
    "recall": 0.11600958977091103,
    "f1": 0.1651497914296549,
    "auc": 0.5236365951094007
}