{
    "warm": {
        "mse": 0.2967785054170461,
        "ci": 0.8765522678359746,
        "rmse": 0.5447738112437547,
        "r2": 0.7535843031621522
    },
    "cold_lig": {
        "mse": 1.765150008998711,
        "ci": 0.7010560604354191,
        "rmse": 1.3285894809905394,
        "r2": 0.2278182492439912
    },
    "cold_prot": {
        "mse": 1.1708299486845941,
        "ci": 0.7325926114609744,
        "rmse": 1.0820489585432786,
        "r2": 0.23880503163066502
    },
    "cold_both": {
        "mse": 2.6339598981448655,
        "ci": 0.5935654008438819,
        "rmse": 1.6229479037063592,
        "r2": 0.09508767489922076
    }
}