{
    "acc": 0.7752282617970817,
    "precision": 0.2990418026745288,
    "recall": 0.1260877286450009,
    "f1": 0.17738359201773835,
    "auc": 0.5278834054460295
}