{
    "warm": {
        "mse": 0.29434158694628587,
        "ci": 0.8822995430952134,
        "rmse": 0.5425325676365299,
        "r2": 0.7556076807051638
    },
    "cold_lig": {
        "mse": 1.9148269589005764,
        "ci": 0.6904001594053487,
        "rmse": 1.3837727266067128,
        "r2": 0.1623406362174339
    },
    "cold_prot": {
        "mse": 2.521076340999901,
        "ci": 0.5980845798439527,
        "rmse": 1.5877897659954547,
        "r2": -0.639034453978645
    },
    "cold_both": {
        "mse": 3.711816582393643,
        "ci": 0.6296413502109705,
        "rmse": 1.9266075320089566,
        "r2": -0.2752162917465666
    }
}