{
    "acc": 0.8194300518134715,
    "precision": 0.2796959138422553,
    "recall": 0.2109916367980884,
    "f1": 0.2405339144647235,
    "auc": 0.5629035726601418
}