{
    "warm": {
        "mse": 0.17419487237930298,
        "ci": 0.8582047440667551,
        "rmse": 0.4173665940761566,
        "r2": 0.7487276630219465
    },
    "cold_lig": {
        "mse": 0.5153318643569946,
        "ci": 0.7456080087468288,
        "rmse": 0.7178661823272705,
        "r2": 0.3603900039063953
    },
    "cold_prot": {
        "mse": 0.37038323283195496,
        "ci": 0.665572768029991,
        "rmse": 0.6085911989212036,
        "r2": 0.32896214301712157
    },
    "cold_both": {
        "mse": 0.5934717655181885,
        "ci": 0.6182422043176087,
        "rmse": 0.7703711986541748,
        "r2": 0.06416874030315478
    }
}