{
    "acc": 0.7616093523338169,
    "precision": 0.253259184975841,
    "recall": 0.12333510921683538,
    "f1": 0.16588540889141015,
    "auc": 0.518404925998357
}