{
    "warm": {
        "mse": 0.33981505036354065,
        "ci": 0.8912650211053401,
        "rmse": 0.5829365849494934,
        "r2": 0.7630697772126036
    },
    "cold_lig": {
        "mse": 0.9375934600830078,
        "ci": 0.71705654426135,
        "rmse": 0.968294084072113,
        "r2": 0.16035330673639603
    },
    "cold_prot": {
        "mse": 0.7400412559509277,
        "ci": 0.8059858686204547,
        "rmse": 0.8602564930915833,
        "r2": 0.49919241513629076
    },
    "cold_both": {
        "mse": 1.4351239204406738,
        "ci": 0.5731312536786345,
        "rmse": 1.1979665756225586,
        "r2": -0.2223782587573655
    }
}