{
    "acc": 0.7602269818243877,
    "precision": 0.23789374706158908,
    "recall": 0.11232463150417332,
    "f1": 0.15259808800024124,
    "auc": 0.5133539156929313,
    "ci": 0.5242339927106414
}