{
    "warm": {
        "mse": 0.29708483815193176,
        "ci": 0.8742149603553178,
        "rmse": 0.5450549125671387,
        "r2": 0.7765495155526436
    },
    "cold_lig": {
        "mse": 1.4799498319625854,
        "ci": 0.7298379754428184,
        "rmse": 1.2165318727493286,
        "r2": 0.04752588370531252
    },
    "cold_prot": {
        "mse": 1.0682026147842407,
        "ci": 0.7893114905363882,
        "rmse": 1.0335389375686646,
        "r2": 0.38967624576600557
    },
    "cold_both": {
        "mse": 2.255743980407715,
        "ci": 0.6513761467889908,
        "rmse": 1.5019134283065796,
        "r2": -0.10213317520394871
    }
}