{
    "acc": 0.8170012953367876,
    "precision": 0.289367816091954,
    "recall": 0.24062126642771803,
    "f1": 0.26275277234181343,
    "auc": 0.5739910977203209
}