{
    "warm": {
        "mse": 0.15846195816993713,
        "ci": 0.8621104800182259,
        "rmse": 0.3980728089809418,
        "r2": 0.7586548478730668
    },
    "cold_lig": {
        "mse": 0.38161444664001465,
        "ci": 0.7475537359187024,
        "rmse": 0.6177495121955872,
        "r2": 0.40543328778885324
    },
    "cold_prot": {
        "mse": 0.30719345808029175,
        "ci": 0.8076030271982472,
        "rmse": 0.5542503595352173,
        "r2": 0.6484078605023034
    },
    "cold_both": {
        "mse": 0.5763185024261475,
        "ci": 0.7025532930321349,
        "rmse": 0.7591564655303955,
        "r2": 0.3647125317112496
    }
}