{
    "acc": 0.7859117672156327,
    "precision": 0.31437255753365173,
    "recall": 0.09643047416089505,
    "f1": 0.14758944042401387,
    "auc": 0.5231956946893039
}