{
    "warm": {
        "mse": 0.29790335808574425,
        "ci": 0.8819959948900321,
        "rmse": 0.545805238235897,
        "r2": 0.7526503360818623
    },
    "cold_lig": {
        "mse": 2.2282706744460707,
        "ci": 0.6401060392102504,
        "rmse": 1.49273931898576,
        "r2": 0.02522168553364257
    },
    "cold_prot": {
        "mse": 1.1488378098997911,
        "ci": 0.728226558611798,
        "rmse": 1.0718385185744124,
        "r2": 0.25310284268809435
    },
    "cold_both": {
        "mse": 2.863879332700657,
        "ci": 0.5575949367088607,
        "rmse": 1.6923000126161605,
        "r2": 0.01609750870258453
    }
}