{
    "acc": 0.7938731973717894,
    "precision": 0.3289308176100629,
    "recall": 0.06965903036760789,
    "f1": 0.1149703231479446,
    "auc": 0.5179227059809222
}