{
    "warm": {
        "mse": 0.3002068633611664,
        "ci": 0.8877616924304856,
        "rmse": 0.5479113645117852,
        "r2": 0.7809394481200252
    },
    "cold_lig": {
        "mse": 0.9142863658909038,
        "ci": 0.7325596565777021,
        "rmse": 0.9561832281999637,
        "r2": 0.12377217112390926
    },
    "cold_prot": {
        "mse": 1.9514775377490543,
        "ci": 0.6191930846552383,
        "rmse": 1.3969529475787845,
        "r2": -0.189663039974576
    },
    "cold_both": {
        "mse": 1.3145674628360133,
        "ci": 0.6076764341725134,
        "rmse": 1.1465458834412225,
        "r2": -0.09503047170871493
    }
}