{
    "acc": 0.7922945643826265,
    "precision": 0.36169888871974426,
    "recall": 0.1054874800213106,
    "f1": 0.16333826006255803,
    "auc": 0.5305974572903545
}