{
    "warm": {
        "mse": 0.24321689732953952,
        "ci": 0.9044527291501573,
        "rmse": 0.49317025187002056,
        "r2": 0.8081898460103163
    },
    "cold_lig": {
        "mse": 0.996313439065528,
        "ci": 0.7475211937203965,
        "rmse": 0.9981550175526485,
        "r2": -0.05834489396694287
    },
    "cold_prot": {
        "mse": 0.9533146100132104,
        "ci": 0.7745163261591269,
        "rmse": 0.976378312957232,
        "r2": 0.3557201367294861
    },
    "cold_both": {
        "mse": 0.9467459149199393,
        "ci": 0.5375270741124399,
        "rmse": 0.9730086921091401,
        "r2": -0.13598790428899776
    }
}