{
    "acc": 0.8261658031088083,
    "precision": 0.26081682167408005,
    "recall": 0.15412186379928317,
    "f1": 0.19375187744067288,
    "auc": 0.5428223104349479
}