{
    "warm": {
        "mse": 0.14299887162490016,
        "ci": 0.8951377792383621,
        "rmse": 0.37815191606667836,
        "r2": 0.7822058736009121
    },
    "cold_lig": {
        "mse": 0.5343430037376297,
        "ci": 0.7176711797676104,
        "rmse": 0.7309876905513729,
        "r2": 0.167477589901315
    },
    "cold_prot": {
        "mse": 0.7128752198585153,
        "ci": 0.700923433963601,
        "rmse": 0.844319382614491,
        "r2": 0.18409280105870274
    },
    "cold_both": {
        "mse": 0.9306124911058322,
        "ci": 0.5884218479708906,
        "rmse": 0.9646825856756367,
        "r2": -0.025832935349552777
    }
}