{
    "acc": 0.770415564467958,
    "precision": 0.29140081896962194,
    "recall": 0.13585508790623335,
    "f1": 0.18531415594246783,
    "auc": 0.5286262108451371
}