{
    "warm": {
        "mse": 0.267328783989214,
        "ci": 0.8912891222831648,
        "rmse": 0.5170384743800156,
        "r2": 0.7989303454268941
    },
    "cold_lig": {
        "mse": 2.0753532106188883,
        "ci": 0.5649071161556836,
        "rmse": 1.4406086250675054,
        "r2": -0.33566698100845027
    },
    "cold_prot": {
        "mse": 3.265766292356207,
        "ci": 0.6517644464892682,
        "rmse": 1.8071431300138368,
        "r2": -0.865914435706479
    },
    "cold_both": {
        "mse": 3.0145423679616252,
        "ci": 0.5048543689320388,
        "rmse": 1.73624375246151,
        "r2": -0.4728741409309871
    }
}