{
    "acc": 0.8099093264248705,
    "precision": 0.2782311134509081,
    "recall": 0.2525686977299881,
    "f1": 0.2647795591182364,
    "auc": 0.5749264166679534
}