{
    "warm": {
        "mse": 0.16561076045036316,
        "ci": 0.8584577299255958,
        "rmse": 0.40695300698280334,
        "r2": 0.7477668637909762
    },
    "cold_lig": {
        "mse": 0.3675922751426697,
        "ci": 0.7601446761091484,
        "rmse": 0.6062938570976257,
        "r2": 0.4272802333813849
    },
    "cold_prot": {
        "mse": 0.30662956833839417,
        "ci": 0.8054015277312401,
        "rmse": 0.553741455078125,
        "r2": 0.6490532538991711
    },
    "cold_both": {
        "mse": 0.578955888748169,
        "ci": 0.7209075723830735,
        "rmse": 0.7608914971351624,
        "r2": 0.3618053588270952
    }
}