{
    "acc": 0.8119170984455959,
    "precision": 0.24440944881889765,
    "recall": 0.18542413381123057,
    "f1": 0.2108695652173913,
    "auc": 0.5477785587580221
}