{
    "warm": {
        "mse": 0.15470228376385495,
        "ci": 0.877542466270997,
        "rmse": 0.3933221119691276,
        "r2": 0.7643810167070881
    },
    "cold_lig": {
        "mse": 0.491332794992824,
        "ci": 0.7250411248747319,
        "rmse": 0.7009513499472156,
        "r2": 0.23448878382096983
    },
    "cold_prot": {
        "mse": 0.5040757868099073,
        "ci": 0.751646079769831,
        "rmse": 0.7099829482529192,
        "r2": 0.4230700523552653
    },
    "cold_both": {
        "mse": 0.7947287547994432,
        "ci": 0.648201538981568,
        "rmse": 0.8914756052744478,
        "r2": 0.1239544502848352
    }
}