{
    "acc": 0.7717723355235089,
    "precision": 0.2988374309129026,
    "recall": 0.13922926656011367,
    "f1": 0.18995699315524864,
    "auc": 0.5307516835409741
}