{
    "warm": {
        "mse": 0.31178936628600923,
        "ci": 0.8992807193472836,
        "rmse": 0.5583810224980871,
        "r2": 0.7826101899217319
    },
    "cold_lig": {
        "mse": 1.1466598262237682,
        "ci": 0.730971608074106,
        "rmse": 1.070822032937205,
        "r2": -0.0268726473493599
    },
    "cold_prot": {
        "mse": 0.8511384291638185,
        "ci": 0.8096596618805123,
        "rmse": 0.9225716390415535,
        "r2": 0.42400968329119937
    },
    "cold_both": {
        "mse": 1.2753991494632029,
        "ci": 0.626765744555621,
        "rmse": 1.1293357115858875,
        "r2": -0.08633130474869666
    }
}