{
    "acc": 0.8200129533678756,
    "precision": 0.24658545588778147,
    "recall": 0.15961768219832737,
    "f1": 0.1937917029300841,
    "auc": 0.5415807084900608
}