{
    "warm": {
        "mse": 0.17877327475899596,
        "ci": 0.884331051553403,
        "rmse": 0.4228158875432615,
        "r2": 0.7421234204521492
    },
    "cold_lig": {
        "mse": 0.6951139607238644,
        "ci": 0.7197640477552397,
        "rmse": 0.8337349463251882,
        "r2": 0.13725147029983997
    },
    "cold_prot": {
        "mse": 0.4902727762477454,
        "ci": 0.6678192320274545,
        "rmse": 0.7001948130682956,
        "r2": 0.11175372321581445
    },
    "cold_both": {
        "mse": 0.6799630767556076,
        "ci": 0.6134602374069746,
        "rmse": 0.8245987368142202,
        "r2": -0.07221719180781005
    }
}