{
    "acc": 0.7859032340643399,
    "precision": 0.3325065274151436,
    "recall": 0.11307938199254129,
    "f1": 0.16876490856082693,
    "auc": 0.5295342191267505
}