{
    "warm": {
        "mse": 0.2828996809405838,
        "ci": 0.8710869615256246,
        "rmse": 0.5318831459452197,
        "r2": 0.7651079146846638
    },
    "cold_lig": {
        "mse": 2.1408044892975413,
        "ci": 0.6790641866428714,
        "rmse": 1.4631488267765318,
        "r2": 0.0634846046258577
    },
    "cold_prot": {
        "mse": 1.0058049418934258,
        "ci": 0.7683479048040787,
        "rmse": 1.0028982709594358,
        "r2": 0.34609320355151485
    },
    "cold_both": {
        "mse": 2.866670611133604,
        "ci": 0.6238924050632911,
        "rmse": 1.6931245114088935,
        "r2": 0.015138548674931585
    }
}