{
    "acc": 0.7736752282617971,
    "precision": 0.2937171154441349,
    "recall": 0.12639850825785828,
    "f1": 0.17673898873265667,
    "auc": 0.5270405487859338
}