{
    "warm": {
        "mse": 0.2882634103298187,
        "ci": 0.8740864781502837,
        "rmse": 0.5369016528129578,
        "r2": 0.7606544145699781
    },
    "cold_lig": {
        "mse": 2.4743008613586426,
        "ci": 0.5761550390283204,
        "rmse": 1.5729910135269165,
        "r2": -0.08240663360771161
    },
    "cold_prot": {
        "mse": 0.8854597806930542,
        "ci": 0.7847506064370501,
        "rmse": 0.9409887194633484,
        "r2": 0.4243335581401486
    },
    "cold_both": {
        "mse": 2.8401448726654053,
        "ci": 0.5617088607594937,
        "rmse": 1.6852729320526123,
        "r2": 0.024251663881987184
    }
}