{
    "acc": 0.7601501834627528,
    "precision": 0.2588529970633961,
    "recall": 0.13305807139051679,
    "f1": 0.1757668171954724,
    "auc": 0.5212065334241156
}