{
    "warm": {
        "mse": 0.3199785649776459,
        "ci": 0.8951384386331436,
        "rmse": 0.5656664967536926,
        "r2": 0.7476526499585391
    },
    "cold_lig": {
        "mse": 1.1044138669967651,
        "ci": 0.7182317008099877,
        "rmse": 1.0509109497070312,
        "r2": -0.17317583061247355
    },
    "cold_prot": {
        "mse": 0.9534851312637329,
        "ci": 0.7733179765444191,
        "rmse": 0.97646564245224,
        "r2": 0.3556048721862849
    },
    "cold_both": {
        "mse": 1.0871134996414185,
        "ci": 0.5056031641397495,
        "rmse": 1.042647361755371,
        "r2": -0.3044131210747958
    }
}