{
    "acc": 0.8033678756476684,
    "precision": 0.2859087814840027,
    "recall": 0.3010752688172043,
    "f1": 0.2932960893854749,
    "auc": 0.5915940120074034
}