{
    "warm": {
        "mse": 0.16626083850860596,
        "ci": 0.8674763729760567,
        "rmse": 0.4077509641647339,
        "r2": 0.7845119179360576
    },
    "cold_lig": {
        "mse": 0.32444557547569275,
        "ci": 0.7469061244915087,
        "rmse": 0.5696012377738953,
        "r2": 0.38293570954483724
    },
    "cold_prot": {
        "mse": 0.4853070080280304,
        "ci": 0.6750896909592387,
        "rmse": 0.6966397762298584,
        "r2": 0.2504728151349952
    },
    "cold_both": {
        "mse": 0.526498556137085,
        "ci": 0.6537388145654293,
        "rmse": 0.7256022095680237,
        "r2": -0.024421558873705784
    }
}