{
    "acc": 0.8180375647668394,
    "precision": 0.30736163353036,
    "recall": 0.2733572281959379,
    "f1": 0.2893638548121917,
    "auc": 0.5883924181811306
}