{
    "warm": {
        "mse": 0.16441874206066132,
        "ci": 0.8609099264688316,
        "rmse": 0.4054858088493347,
        "r2": 0.7610715126476331
    },
    "cold_lig": {
        "mse": 0.4213067293167114,
        "ci": 0.7587206880856164,
        "rmse": 0.6490814685821533,
        "r2": 0.45200031812249275
    },
    "cold_prot": {
        "mse": 0.48655983805656433,
        "ci": 0.6798652024010137,
        "rmse": 0.697538435459137,
        "r2": 0.2658281841264406
    },
    "cold_both": {
        "mse": 0.6700111031532288,
        "ci": 0.5900204529122367,
        "rmse": 0.8185420632362366,
        "r2": 0.028889857277210607
    },
    "val": {
        "mse": 0.1719592958688736,
        "ci": 0.8597404457040789,
        "rmse": 0.41467976570129395,
        "r2": 0.7603828264095597
    }
}