{
    "acc": {
        "mean": 0.7414677020223568,
        "std": 0.03191529115226306
    },
    "precision": {
        "mean": 0.27603359772077474,
        "std": 0.024985930321902803
    },
    "recall": {
        "mean": 0.19890783164624398,
        "std": 0.062318655732777006
    },
    "f1": {
        "mean": 0.22258987245109868,
        "std": 0.0378035904353304
    },
    "auc": {
        "mean": 0.534733741737389,
        "std": 0.007863006419163128
    }
}