{
    "acc": 0.761268026282106,
    "precision": 0.2846876727473742,
    "recall": 0.16005150062155923,
    "f1": 0.20490522067809133,
    "auc": 0.5321838641003134
}