{
    "warm": {
        "mse": 0.25870711000837815,
        "ci": 0.8971225656172707,
        "rmse": 0.5086325884254549,
        "r2": 0.7959736714275312
    },
    "cold_lig": {
        "mse": 1.2777694309000498,
        "ci": 0.730333435358713,
        "rmse": 1.1303846384749086,
        "r2": -0.35732461275288596
    },
    "cold_prot": {
        "mse": 3.1781508905884284,
        "ci": 0.6438908006622345,
        "rmse": 1.7827369100875283,
        "r2": -1.147893884908572
    },
    "cold_both": {
        "mse": 1.4046867726154328,
        "ci": 0.5196346171955928,
        "rmse": 1.1851948247505273,
        "r2": -0.6854650839880527
    }
}