{
    "acc": 0.8241580310880829,
    "precision": 0.24949698189134809,
    "recall": 0.14814814814814814,
    "f1": 0.18590704647676162,
    "auc": 0.5391424389364079
}