{
    "warm": {
        "mse": 0.1866831567574112,
        "ci": 0.8770627960738094,
        "rmse": 0.43206846304423935,
        "r2": 0.730713586867525
    },
    "cold_lig": {
        "mse": 0.7152166806337467,
        "ci": 0.6930463848030731,
        "rmse": 0.8457048425034273,
        "r2": 0.11230075282732077
    },
    "cold_prot": {
        "mse": 0.5368696328004718,
        "ci": 0.6693746187799559,
        "rmse": 0.7327138819487944,
        "r2": 0.027332384018528555
    },
    "cold_both": {
        "mse": 0.6793207868120595,
        "ci": 0.6172658220062734,
        "rmse": 0.8242091887452235,
        "r2": -0.07120438046093014
    }
}