{
    "acc": {
        "mean": 0.7825957846232614,
        "std": 0.008711752552734205
    },
    "precision": {
        "mean": 0.32150002722330984,
        "std": 0.005088481992659454
    },
    "recall": {
        "mean": 0.11719055229976913,
        "std": 0.038260570320161016
    },
    "f1": {
        "mean": 0.16809491945138483,
        "std": 0.039912032714189125
    },
    "auc": {
        "mean": 0.5290535188135653,
        "std": 0.009216696596585375
    }
}