batch_size,optimizer,learning_rate,train_0,train_1,train_2,train_3,train_4,val_0,val_1,val_2,val_3,val_4,train_mean,train_std,val_mean,val_std
128,adam,0.001,0.030362095683813095,0.026223307475447655,0.03062054142355919,0.036638304591178894,0.038969486951828,0.2666553258895874,0.32949143648147583,0.3320922553539276,0.26163530349731445,0.32740774750709534,0.03256274722516537,0.004614325707867058,0.3034564137458801,0.03217087363505865
256,adam,0.001,0.06202049180865288,0.03711427375674248,0.06109074130654335,0.034669335931539536,0.04079146683216095,0.2977879047393799,0.34134307503700256,0.2913256585597992,0.28733912110328674,0.3281022608280182,0.04713726192712784,0.01193640401779825,0.3091796040534973,0.02153182149083886
