{
    "acc": 0.8220531088082902,
    "precision": 0.31242840778923253,
    "recall": 0.26069295101553164,
    "f1": 0.2842256089618341,
    "auc": 0.5853755071616336
}