{
    "warm": {
        "mse": 0.17324787378311157,
        "ci": 0.865219720291954,
        "rmse": 0.41623055934906006,
        "r2": 0.7754561362571977
    },
    "cold_lig": {
        "mse": 0.3339484930038452,
        "ci": 0.7434713669558678,
        "rmse": 0.5778827667236328,
        "r2": 0.3648620196340536
    },
    "cold_prot": {
        "mse": 0.488521009683609,
        "ci": 0.6789038010195406,
        "rmse": 0.6989427804946899,
        "r2": 0.2455089902165326
    },
    "cold_both": {
        "mse": 0.5337136387825012,
        "ci": 0.6669619916718349,
        "rmse": 0.7305570840835571,
        "r2": -0.0384601142128449
    }
}