{
    "acc": {
        "mean": 0.8192033678756477,
        "std": 0.0046967347198500695
    },
    "precision": {
        "mean": 0.2808057104101434,
        "std": 0.01909508722222205
    },
    "recall": {
        "mean": 0.2143847072879331,
        "std": 0.02384577993588303
    },
    "f1": {
        "mean": 0.24279259303219974,
        "std": 0.020989417127706182
    },
    "auc": {
        "mean": 0.5642030298005503,
        "std": 0.010556363133420446
    }
}