{
    "acc": 0.8219235751295336,
    "precision": 0.32068777292576417,
    "recall": 0.2807646356033453,
    "f1": 0.2994011976047904,
    "auc": 0.5937631007198221
}