{
    "warm": {
        "mse": 0.15549726784229279,
        "ci": 0.8629759832378181,
        "rmse": 0.3943314254283905,
        "r2": 0.7699892940117565
    },
    "cold_lig": {
        "mse": 0.35933202505111694,
        "ci": 0.772515569035,
        "rmse": 0.5994430780410767,
        "r2": 0.525128500401832
    },
    "cold_prot": {
        "mse": 0.5334750413894653,
        "ci": 0.7386783211897685,
        "rmse": 0.7303937673568726,
        "r2": 0.3643677356083207
    },
    "cold_both": {
        "mse": 0.6111953258514404,
        "ci": 0.634693933495984,
        "rmse": 0.7817898392677307,
        "r2": 0.1618368818088861
    }
}