{
    "acc": 0.8343264248704664,
    "precision": 0.29822280017338537,
    "recall": 0.16439665471923537,
    "f1": 0.21195317313616757,
    "auc": 0.5518742966422548
}