{
    "warm": {
        "mse": 0.15847122036680014,
        "ci": 0.8898215228526389,
        "rmse": 0.3980844387398233,
        "r2": 0.794607915547023
    },
    "cold_lig": {
        "mse": 0.38194584899868317,
        "ci": 0.7544233022663286,
        "rmse": 0.6180176769305901,
        "r2": 0.27357564418415337
    },
    "cold_prot": {
        "mse": 0.5289222238266275,
        "ci": 0.6881418698637112,
        "rmse": 0.7272703925134224,
        "r2": 0.18311184442912032
    },
    "cold_both": {
        "mse": 0.5286015024098861,
        "ci": 0.6777708868609905,
        "rmse": 0.7270498623958924,
        "r2": -0.02851317263459463
    }
}