{
    "acc": 0.8153173575129534,
    "precision": 0.28177113283496263,
    "recall": 0.23416965352449223,
    "f1": 0.2557745008482318,
    "auc": 0.5702970387869699
}