{
    "warm": {
        "mse": 0.15908445417881012,
        "ci": 0.8616257015173561,
        "rmse": 0.39885392785072327,
        "r2": 0.7646831797564424
    },
    "cold_lig": {
        "mse": 0.3650675415992737,
        "ci": 0.7730957978996416,
        "rmse": 0.6042081713676453,
        "r2": 0.5175487331000048
    },
    "cold_prot": {
        "mse": 0.5236058831214905,
        "ci": 0.7347832351853847,
        "rmse": 0.7236061692237854,
        "r2": 0.37612675717162924
    },
    "cold_both": {
        "mse": 0.6017041206359863,
        "ci": 0.648208558348639,
        "rmse": 0.7756959199905396,
        "r2": 0.1748526786088095
    }
}