{
    "acc": {
        "mean": 0.8183354922279792,
        "std": 0.007590701205983406
    },
    "precision": {
        "mean": 0.30890020851681227,
        "std": 0.014085704455544058
    },
    "recall": {
        "mean": 0.2735483870967742,
        "std": 0.025252427243690406
    },
    "f1": {
        "mean": 0.289368157881382,
        "std": 0.01581499030884018
    },
    "auc": {
        "mean": 0.5886453304654127,
        "std": 0.008636153717547163
    }
}