{
    "acc": 0.7718576670364365,
    "precision": 0.24342105263157895,
    "recall": 0.08870538092701119,
    "f1": 0.13002733307301834,
    "auc": 0.5115531637062749
}