{
    "warm": {
        "mse": 0.3229970932006836,
        "ci": 0.8798252516449642,
        "rmse": 0.568328320980072,
        "r2": 0.7643094414381274
    },
    "cold_lig": {
        "mse": 0.8090391755104065,
        "ci": 0.748703640335869,
        "rmse": 0.8994660377502441,
        "r2": 0.22463829426835902
    },
    "cold_prot": {
        "mse": 1.215605616569519,
        "ci": 0.759003237992927,
        "rmse": 1.1025450229644775,
        "r2": 0.2589404545548404
    },
    "cold_both": {
        "mse": 1.431424856185913,
        "ci": 0.5536112257531985,
        "rmse": 1.19642174243927,
        "r2": -0.19237235227655858
    }
}