{
    "acc": 0.7664817817219899,
    "precision": 0.23278145695364238,
    "recall": 0.09363345764517847,
    "f1": 0.13354863221884497,
    "auc": 0.5101034421093026
}