{
    "warm": {
        "mse": 0.3447045683860779,
        "ci": 0.879898580522158,
        "rmse": 0.587115466594696,
        "r2": 0.748469506972983
    },
    "cold_lig": {
        "mse": 0.9197439551353455,
        "ci": 0.6886024493215213,
        "rmse": 0.9590328335762024,
        "r2": 0.11854169635419232
    },
    "cold_prot": {
        "mse": 1.26417076587677,
        "ci": 0.7487409543097123,
        "rmse": 1.1243535280227661,
        "r2": 0.22933403975283806
    },
    "cold_both": {
        "mse": 1.576582670211792,
        "ci": 0.4739579034255056,
        "rmse": 1.2556204795837402,
        "r2": -0.3132883417307295
    }
}