{
    "acc": 0.8239961139896373,
    "precision": 0.31799650553290626,
    "recall": 0.26093189964157704,
    "f1": 0.2866517915736973,
    "auc": 0.5866000573315584
}