{
    "warm": {
        "mse": 0.1736934781074524,
        "ci": 0.856688219346089,
        "rmse": 0.4167654812335968,
        "r2": 0.7494508978169083
    },
    "cold_lig": {
        "mse": 0.49348556995391846,
        "ci": 0.7510158768360383,
        "rmse": 0.7024852633476257,
        "r2": 0.3875047958139063
    },
    "cold_prot": {
        "mse": 0.35280469059944153,
        "ci": 0.6732576799993181,
        "rmse": 0.5939736366271973,
        "r2": 0.3608098777900518
    },
    "cold_both": {
        "mse": 0.5465171337127686,
        "ci": 0.6345101174733994,
        "rmse": 0.7392679452896118,
        "r2": 0.138210484529107
    }
}