{
    "acc": 0.7726427169553716,
    "precision": 0.30577031868753535,
    "recall": 0.14397975492807671,
    "f1": 0.19577422275882886,
    "auc": 0.5331005190882752
}