{
    "warm": {
        "mse": 0.35488228984730524,
        "ci": 0.8912317056513005,
        "rmse": 0.5957199760351378,
        "r2": 0.7525643850237096
    },
    "cold_lig": {
        "mse": 1.1521980412189683,
        "ci": 0.6814383504427833,
        "rmse": 1.0734048822410713,
        "r2": -0.031832306145848754
    },
    "cold_prot": {
        "mse": 2.3546395119693164,
        "ci": 0.6751564135425285,
        "rmse": 1.5344834674799583,
        "r2": -0.5934535579208644
    },
    "cold_both": {
        "mse": 1.9070232507338984,
        "ci": 0.4735874043555032,
        "rmse": 1.380950126084899,
        "r2": -0.6243221245896147
    }
}