{
    "acc": 0.7574195750490657,
    "precision": 0.2864892232026616,
    "recall": 0.1758568637897354,
    "f1": 0.21793672627235214,
    "auc": 0.5358241917241623
}