{
    "warm": {
        "mse": 0.3052883744239807,
        "ci": 0.8754761822555214,
        "rmse": 0.5525290966033936,
        "r2": 0.7465185464743365
    },
    "cold_lig": {
        "mse": 2.2676241397857666,
        "ci": 0.5851666392327751,
        "rmse": 1.5058633089065552,
        "r2": 0.008006126528594892
    },
    "cold_prot": {
        "mse": 0.9013894200325012,
        "ci": 0.7771358536556692,
        "rmse": 0.9494153261184692,
        "r2": 0.4139771558574328
    },
    "cold_both": {
        "mse": 2.700627326965332,
        "ci": 0.5977848101265822,
        "rmse": 1.643358588218689,
        "r2": 0.07218366768918838
    }
}