{
    "acc": 0.7717723355235089,
    "precision": 0.28110742430526753,
    "recall": 0.12036050435091458,
    "f1": 0.168552598856006,
    "auc": 0.5235620365542205
}