{
    "warm": {
        "mse": 0.3378933370113373,
        "ci": 0.8860811364567682,
        "rmse": 0.5812859535217285,
        "r2": 0.764409638150931
    },
    "cold_lig": {
        "mse": 1.0264755487442017,
        "ci": 0.7092014661833244,
        "rmse": 1.0131512880325317,
        "r2": 0.08075649255557626
    },
    "cold_prot": {
        "mse": 0.7316855788230896,
        "ci": 0.8073548949543092,
        "rmse": 0.8553861975669861,
        "r2": 0.5048469306175432
    },
    "cold_both": {
        "mse": 1.3917670249938965,
        "ci": 0.5836521483225426,
        "rmse": 1.1797317266464233,
        "r2": -0.18544850615440378
    }
}