{
    "acc": 0.7583667548425633,
    "precision": 0.23321359491572258,
    "recall": 0.11241342567927544,
    "f1": 0.15170306461759683,
    "auc": 0.5122363327665386
}