{
    "warm": {
        "mse": 0.31975895166397095,
        "ci": 0.8734396481408359,
        "rmse": 0.5654723048210144,
        "r2": 0.7594953042131274
    },
    "cold_lig": {
        "mse": 1.56367027759552,
        "ci": 0.6917632756238374,
        "rmse": 1.2504680156707764,
        "r2": -0.006355208241538124
    },
    "cold_prot": {
        "mse": 1.1215839385986328,
        "ci": 0.7612055001229868,
        "rmse": 1.0590486526489258,
        "r2": 0.3591765125457418
    },
    "cold_both": {
        "mse": 2.4152936935424805,
        "ci": 0.5952614233544135,
        "rmse": 1.554121494293213,
        "r2": -0.1800874969080235
    }
}