{
    "acc": 0.8256152849740933,
    "precision": 0.25349219391947414,
    "recall": 0.14743130227001194,
    "f1": 0.18643299592083395,
    "auc": 0.539683060762277
}