{
    "warm": {
        "mse": 0.14854079567474812,
        "ci": 0.8927922733638022,
        "rmse": 0.3854099060412798,
        "r2": 0.7802792677630012
    },
    "cold_lig": {
        "mse": 0.44894781130240646,
        "ci": 0.7695941204326187,
        "rmse": 0.6700356791264227,
        "r2": 0.40669768307020504
    },
    "cold_prot": {
        "mse": 0.5761530770703817,
        "ci": 0.7254092133695966,
        "rmse": 0.7590474801159554,
        "r2": 0.31351710357878204
    },
    "cold_both": {
        "mse": 0.6535132397328162,
        "ci": 0.6278543819731901,
        "rmse": 0.8084016574282961,
        "r2": 0.10380433583283133
    }
}