{
    "acc": 0.8181670984455959,
    "precision": 0.2873289708506841,
    "recall": 0.23082437275985662,
    "f1": 0.2559957599045978,
    "auc": 0.5705348685301438
}