{
    "warm": {
        "mse": 0.15834921598434448,
        "ci": 0.864396930142889,
        "rmse": 0.39793115854263306,
        "r2": 0.7588265439889449
    },
    "cold_lig": {
        "mse": 0.36926236748695374,
        "ci": 0.7564325587445521,
        "rmse": 0.6076695919036865,
        "r2": 0.42467812935573857
    },
    "cold_prot": {
        "mse": 0.29885876178741455,
        "ci": 0.8131441662324199,
        "rmse": 0.5466797351837158,
        "r2": 0.6579471462899986
    },
    "cold_both": {
        "mse": 0.570199728012085,
        "ci": 0.7165725421571747,
        "rmse": 0.7551156878471375,
        "r2": 0.37145748456652794
    }
}