{
    "acc": 0.7301817561225361,
    "precision": 0.2788583098317612,
    "recall": 0.2546172971053099,
    "f1": 0.26618705035971224,
    "auc": 0.5489753504308371
}