{
    "warm": {
        "mse": 0.27171642943789776,
        "ci": 0.8870968710227409,
        "rmse": 0.5212642606566249,
        "r2": 0.7857140242135623
    },
    "cold_lig": {
        "mse": 1.3542710155530517,
        "ci": 0.7451652283433541,
        "rmse": 1.1637315049241606,
        "r2": -0.438589261329567
    },
    "cold_prot": {
        "mse": 1.2728686806988834,
        "ci": 0.6961392772629955,
        "rmse": 1.1282148202797566,
        "r2": 0.13975549000488752
    },
    "cold_both": {
        "mse": 1.413010365498399,
        "ci": 0.50456728505509,
        "rmse": 1.1887011253878743,
        "r2": -0.6954524530236776
    }
}