{
    "acc": 0.7892140967659357,
    "precision": 0.2943731117824773,
    "recall": 0.06921505949209732,
    "f1": 0.11207764198418403,
    "auc": 0.5148697146910131
}