{
    "warm": {
        "mse": 0.28280365446382605,
        "ci": 0.8933854532429696,
        "rmse": 0.5317928680076728,
        "r2": 0.7936385466777667
    },
    "cold_lig": {
        "mse": 0.7365562058371771,
        "ci": 0.7780309524109257,
        "rmse": 0.8582285277460643,
        "r2": 0.2941040475245027
    },
    "cold_prot": {
        "mse": 3.586687619804362,
        "ci": 0.6230017257974999,
        "rmse": 1.893855226727841,
        "r2": -1.1865225782395514
    },
    "cold_both": {
        "mse": 1.272899592696961,
        "ci": 0.7092860090796533,
        "rmse": 1.1282285197144066,
        "r2": -0.06032126979751906
    }
}