{
    "acc": 0.7897602184486731,
    "precision": 0.3557193557193557,
    "recall": 0.11569881015805362,
    "f1": 0.17460636515912897,
    "auc": 0.5329196520525971
}