{
    "warm": {
        "mse": 0.2539478541616069,
        "ci": 0.9062207333765578,
        "rmse": 0.5039323904668234,
        "r2": 0.7997270027415501
    },
    "cold_lig": {
        "mse": 1.058353928924924,
        "ci": 0.7377707337266588,
        "rmse": 1.0287633007280752,
        "r2": -0.12424808576116808
    },
    "cold_prot": {
        "mse": 0.9224707509035616,
        "ci": 0.7792490486880997,
        "rmse": 0.9604534090228227,
        "r2": 0.37656538248694293
    },
    "cold_both": {
        "mse": 0.8910279723774631,
        "ci": 0.5422356154063471,
        "rmse": 0.9439427802454252,
        "r2": -0.06913268180253507
    }
}