{
    "acc": 0.7856984384333134,
    "precision": 0.2989754734554486,
    "recall": 0.08550879062333511,
    "f1": 0.13298349789408273,
    "auc": 0.5189021146618038
}