{
    "warm": {
        "mse": 0.2596825004384989,
        "ci": 0.8905541608902544,
        "rmse": 0.509590522320126,
        "r2": 0.8046814492525575
    },
    "cold_lig": {
        "mse": 1.4879876141778439,
        "ci": 0.6594132590214974,
        "rmse": 1.219830977708733,
        "r2": 0.04235292853392869
    },
    "cold_prot": {
        "mse": 1.2887881405533241,
        "ci": 0.7506980935133062,
        "rmse": 1.1352480524331783,
        "r2": 0.26364345126155686
    },
    "cold_both": {
        "mse": 2.5694916637122485,
        "ci": 0.506546717734034,
        "rmse": 1.6029634006153255,
        "r2": -0.2554269818999231
    }
}