{
    "acc": {
        "mean": 0.8292098445595855,
        "std": 0.006798420599293858
    },
    "precision": {
        "mean": 0.2936469267961932,
        "std": 0.02275166503753375
    },
    "recall": {
        "mean": 0.18566308243727597,
        "std": 0.03353054630168098
    },
    "f1": {
        "mean": 0.2262210883449336,
        "std": 0.029410768279233064
    },
    "auc": {
        "mean": 0.5578811759817023,
        "std": 0.013025076193320046
    }
}