{
    "acc": {
        "mean": 0.8163471502590675,
        "std": 0.009150259434100666
    },
    "precision": {
        "mean": 0.30363063837504917,
        "std": 0.01536718259649545
    },
    "recall": {
        "mean": 0.2726403823178017,
        "std": 0.03495190347092291
    },
    "f1": {
        "mean": 0.28597861814714604,
        "std": 0.01904614826016781
    },
    "auc": {
        "mean": 0.5871124743580018,
        "std": 0.011215335798518977
    }
}