{
    "acc": 0.7647410188582644,
    "precision": 0.26707902511078285,
    "recall": 0.1284407742852069,
    "f1": 0.17346204580884997,
    "auc": 0.5222887538212421
}