{
    "warm": {
        "mse": 0.31543317437171936,
        "ci": 0.8739843842320518,
        "rmse": 0.561634361743927,
        "r2": 0.7627489252236133
    },
    "cold_lig": {
        "mse": 1.4619592428207397,
        "ci": 0.6975044719206229,
        "rmse": 1.2091150283813477,
        "r2": 0.059104458005378
    },
    "cold_prot": {
        "mse": 1.0956951379776,
        "ci": 0.7883492621428763,
        "rmse": 1.0467545986175537,
        "r2": 0.37396815340267187
    },
    "cold_both": {
        "mse": 2.2867374420166016,
        "ci": 0.6040794513227042,
        "rmse": 1.5121961832046509,
        "r2": -0.11727622399545723
    }
}