{
    "acc": 0.7732315043945729,
    "precision": 0.2924479967209755,
    "recall": 0.12670928787071567,
    "f1": 0.1768113248458941,
    "auc": 0.5268843166795321
}