{
    "warm": {
        "mse": 0.29756143897074266,
        "ci": 0.8874556853852728,
        "rmse": 0.5454919238364053,
        "r2": 0.7828698108053906
    },
    "cold_lig": {
        "mse": 0.9324475612306725,
        "ci": 0.7307932199044854,
        "rmse": 0.9656332436441242,
        "r2": 0.10636696269465118
    },
    "cold_prot": {
        "mse": 1.1953112137481123,
        "ci": 0.7771218774102849,
        "rmse": 1.0933028920423253,
        "r2": 0.2713123544821757
    },
    "cold_both": {
        "mse": 1.4152604573406333,
        "ci": 0.5809327280231118,
        "rmse": 1.189647198685658,
        "r2": -0.178907412518037
    }
}