{
    "acc": 0.809779792746114,
    "precision": 0.27735301871869233,
    "recall": 0.25137395459976103,
    "f1": 0.2637252444221609,
    "auc": 0.5743477752021094
}