{
    "warm": {
        "mse": 0.16475658118724823,
        "ci": 0.8565586769159961,
        "rmse": 0.4059021770954132,
        "r2": 0.7562929494332509
    },
    "cold_lig": {
        "mse": 0.37787461280822754,
        "ci": 0.7653114533312858,
        "rmse": 0.614715039730072,
        "r2": 0.5006237494241546
    },
    "cold_prot": {
        "mse": 0.5349955558776855,
        "ci": 0.7340709226877498,
        "rmse": 0.7314339280128479,
        "r2": 0.3625560330537405
    },
    "cold_both": {
        "mse": 0.6273303031921387,
        "ci": 0.655144055483977,
        "rmse": 0.7920418381690979,
        "r2": 0.13971022243574538
    }
}