{
    "acc": 0.7760645106237734,
    "precision": 0.29350360910605217,
    "recall": 0.11734150239744273,
    "f1": 0.16765517460116083,
    "auc": 0.5250684018864022
}