{
    "warm": {
        "mse": 0.28097759739922973,
        "ci": 0.8974270025129242,
        "rmse": 0.5300732000386642,
        "r2": 0.7949710181071542
    },
    "cold_lig": {
        "mse": 0.9071898129810332,
        "ci": 0.7693429679569418,
        "rmse": 0.9524651242859411,
        "r2": 0.13057331940819006
    },
    "cold_prot": {
        "mse": 1.6101031636154062,
        "ci": 0.705599144876723,
        "rmse": 1.2688984055531816,
        "r2": 0.018446183854716303
    },
    "cold_both": {
        "mse": 1.1257888449298412,
        "ci": 0.7224927775484936,
        "rmse": 1.061031971681269,
        "r2": 0.06222151029937928
    }
}