{
    "acc": 0.8346502590673575,
    "precision": 0.32668423033496424,
    "recall": 0.2074074074074074,
    "f1": 0.2537269804150833,
    "auc": 0.5701955561105215
}