{
    "warm": {
        "mse": 0.18845002101154273,
        "ci": 0.873192067043225,
        "rmse": 0.43410830562377256,
        "r2": 0.7281649234221916
    },
    "cold_lig": {
        "mse": 0.6738726380160174,
        "ci": 0.7109980413697501,
        "rmse": 0.8208974588924108,
        "r2": 0.16361537747269794
    },
    "cold_prot": {
        "mse": 0.4467963619226216,
        "ci": 0.6813126943784814,
        "rmse": 0.6684282773212259,
        "r2": 0.19052163573948167
    },
    "cold_both": {
        "mse": 0.589434752853494,
        "ci": 0.6422442954671259,
        "rmse": 0.7677465420654749,
        "r2": 0.07053471421705126
    }
}