{
    "acc": 0.8073186528497409,
    "precision": 0.2738918780425314,
    "recall": 0.25543608124253286,
    "f1": 0.2643422354104847,
    "auc": 0.5746369392914294
}