{
    "warm": {
        "mse": 0.1947139710798268,
        "ci": 0.8646638185026392,
        "rmse": 0.4412640604896651,
        "r2": 0.7191293110229375
    },
    "cold_lig": {
        "mse": 0.5234665272089274,
        "ci": 0.7345053098323706,
        "rmse": 0.7235098666977026,
        "r2": 0.3502936177163648
    },
    "cold_prot": {
        "mse": 0.39041010307489,
        "ci": 0.7052266647573139,
        "rmse": 0.6248280588088935,
        "r2": 0.29267881621074243
    },
    "cold_both": {
        "mse": 0.48331765578404295,
        "ci": 0.6544529183836645,
        "rmse": 0.695210511848061,
        "r2": 0.23786817644782265
    }
}