{
    "acc": 0.8449158031088083,
    "precision": 0.3386752136752137,
    "recall": 0.15149342891278375,
    "f1": 0.20934456001320786,
    "auc": 0.5525588515607186
}