{
    "warm": {
        "mse": 0.1605413008258066,
        "ci": 0.8949435167609497,
        "rmse": 0.4006760547197781,
        "r2": 0.7919249164543387
    },
    "cold_lig": {
        "mse": 0.4481837255901089,
        "ci": 0.7327685108361789,
        "rmse": 0.6694652534598856,
        "r2": 0.14759755865270974
    },
    "cold_prot": {
        "mse": 0.5951531480087441,
        "ci": 0.6495530184317438,
        "rmse": 0.7714616957495324,
        "r2": 0.08082221646556131
    },
    "cold_both": {
        "mse": 0.5152034435077185,
        "ci": 0.5950097457251705,
        "rmse": 0.7177767365328293,
        "r2": -0.002444234113250454
    }
}