{
    "acc": 0.7968264248704663,
    "precision": 0.24279734055651317,
    "recall": 0.23560334528076463,
    "f1": 0.2391462527285957,
    "auc": 0.5602066173865895
}