{
    "warm": {
        "mse": 0.1661176654927717,
        "ci": 0.8740161226208656,
        "rmse": 0.4075753494665394,
        "r2": 0.7469948439148784
    },
    "cold_lig": {
        "mse": 0.44580502902024527,
        "ci": 0.7454320829063367,
        "rmse": 0.6676863253206893,
        "r2": 0.3054224073339129
    },
    "cold_prot": {
        "mse": 0.5182411364470672,
        "ci": 0.7497081795014818,
        "rmse": 0.7198896696349151,
        "r2": 0.40685738227988655
    },
    "cold_both": {
        "mse": 0.7865131091824704,
        "ci": 0.645238900045732,
        "rmse": 0.886855743163718,
        "r2": 0.13301072229880329
    }
}