{
    "acc": 0.7254117245498762,
    "precision": 0.2814127235680326,
    "recall": 0.2759278991298171,
    "f1": 0.2786433230962362,
    "auc": 0.5541429367408746
}