{
    "warm": {
        "mse": 0.3200424115459672,
        "ci": 0.8806191777576593,
        "rmse": 0.5657229105719223,
        "r2": 0.766465474795249
    },
    "cold_lig": {
        "mse": 1.1299533030531215,
        "ci": 0.718784654946881,
        "rmse": 1.0629926166503327,
        "r2": -0.08291730731522917
    },
    "cold_prot": {
        "mse": 2.0488285051707105,
        "ci": 0.65856959897328,
        "rmse": 1.4313729441241756,
        "r2": -0.2490103015274303
    },
    "cold_both": {
        "mse": 1.561651461136886,
        "ci": 0.6096574494428395,
        "rmse": 1.2496605383610726,
        "r2": -0.3008506482003581
    }
}