{
    "acc": 0.739107432374776,
    "precision": 0.2646474096596889,
    "recall": 0.2009412182560824,
    "f1": 0.22843587543532026,
    "auc": 0.5340476061491469
}