{
    "warm": {
        "mse": 0.3101574778556824,
        "ci": 0.8766932523104191,
        "rmse": 0.5569178462028503,
        "r2": 0.7424757194022102
    },
    "cold_lig": {
        "mse": 2.244865894317627,
        "ci": 0.6060036905803567,
        "rmse": 1.4982876777648926,
        "r2": 0.017962006679439146
    },
    "cold_prot": {
        "mse": 0.880124568939209,
        "ci": 0.7796958213646107,
        "rmse": 0.9381495714187622,
        "r2": 0.4278020830209174
    },
    "cold_both": {
        "mse": 2.65887451171875,
        "ci": 0.6050632911392405,
        "rmse": 1.6306055784225464,
        "r2": 0.08652813396290115
    },
    "val": {
        "mse": 0.3229309916496277,
        "ci": 0.8724871540611197,
        "rmse": 0.5682701468467712,
        "r2": 0.732398847361712
    }
}