{
    "acc": 0.6933953408993941,
    "precision": 0.24224247318029762,
    "recall": 0.2797016515716569,
    "f1": 0.2596278667243617,
    "auc": 0.535763825173148
}