{
    "warm": {
        "mse": 0.29964235871982303,
        "ci": 0.8906406269364792,
        "rmse": 0.5473959798170087,
        "r2": 0.7746258945101235
    },
    "cold_lig": {
        "mse": 2.204189420093323,
        "ci": 0.5656778753289227,
        "rmse": 1.4846512789518362,
        "r2": -0.4185840816122428
    },
    "cold_prot": {
        "mse": 1.5413025614197813,
        "ci": 0.7163267855071835,
        "rmse": 1.2414920706229988,
        "r2": 0.11936787826002393
    },
    "cold_both": {
        "mse": 3.138871175928424,
        "ci": 0.4633472877883673,
        "rmse": 1.7716859698965908,
        "r2": -0.5336199072447294
    }
}