{
    "acc": {
        "mean": 0.776805188155986,
        "std": 0.00546601035466607
    },
    "precision": {
        "mean": 0.30060663203316235,
        "std": 0.017693695614572586
    },
    "recall": {
        "mean": 0.12126620493695613,
        "std": 0.01875022256887685
    },
    "f1": {
        "mean": 0.17199793434912394,
        "std": 0.019856818763131227
    },
    "auc": {
        "mean": 0.5270223023924212,
        "std": 0.005293082009706613
    }
}