{
    "acc": 0.823639896373057,
    "precision": 0.3236363636363636,
    "recall": 0.27646356033452807,
    "f1": 0.29819587628865973,
    "auc": 0.5929424001335498
}