{
    "warm": {
        "mse": 0.15451110899448395,
        "ci": 0.8653517457178171,
        "rmse": 0.39307901263237,
        "r2": 0.7754690288956526
    },
    "cold_lig": {
        "mse": 0.394193559885025,
        "ci": 0.7681867816738068,
        "rmse": 0.6278483867645264,
        "r2": 0.48726678092173314
    },
    "cold_prot": {
        "mse": 0.45609018206596375,
        "ci": 0.6933974314940858,
        "rmse": 0.6753444671630859,
        "r2": 0.31180394362668495
    },
    "cold_both": {
        "mse": 0.5935283303260803,
        "ci": 0.6479058797516168,
        "rmse": 0.7704079151153564,
        "r2": 0.13974349945397269
    }
}