{
    "acc": 0.8218911917098446,
    "precision": 0.281198003327787,
    "recall": 0.2019115890083632,
    "f1": 0.23504867872044508,
    "auc": 0.5604987800820052
}