{
    "warm": {
        "mse": 0.17099452234699136,
        "ci": 0.8817109130557994,
        "rmse": 0.41351483933105876,
        "r2": 0.7783766585907634
    },
    "cold_lig": {
        "mse": 0.3644428468369799,
        "ci": 0.7589967117448803,
        "rmse": 0.6036910193443165,
        "r2": 0.30686467482420754
    },
    "cold_prot": {
        "mse": 0.5234044805347741,
        "ci": 0.6607153034998579,
        "rmse": 0.7234669864857511,
        "r2": 0.19163366283180694
    },
    "cold_both": {
        "mse": 0.5753339432681727,
        "ci": 0.6206697971117214,
        "rmse": 0.7585077081138811,
        "r2": -0.11944165239295246
    }
}