{
    "acc": 0.7678897516852974,
    "precision": 0.2604732152002458,
    "recall": 0.11290179364233706,
    "f1": 0.15752470034379162,
    "auc": 0.5183168254544688
}