{
    "warm": {
        "mse": 0.34951767325401306,
        "ci": 0.8795379812833779,
        "rmse": 0.5912001729011536,
        "r2": 0.7563047758413268
    },
    "cold_lig": {
        "mse": 1.1224464178085327,
        "ci": 0.6974826480526621,
        "rmse": 1.0594557523727417,
        "r2": -0.0051887384535529435
    },
    "cold_prot": {
        "mse": 0.7217528820037842,
        "ci": 0.8078899767435184,
        "rmse": 0.8495603799819946,
        "r2": 0.5115687218330649
    },
    "cold_both": {
        "mse": 1.56215500831604,
        "ci": 0.587110064743967,
        "rmse": 1.2498619556427002,
        "r2": -0.330577824777492
    },
    "val": {
        "mse": 0.3910231292247772,
        "ci": 0.8513409339879093,
        "rmse": 0.6253184080123901,
        "r2": 0.6737160395472087
    }
}