{
    "acc": 0.8422603626943005,
    "precision": 0.26180555555555557,
    "recall": 0.09008363201911589,
    "f1": 0.13404444444444444,
    "auc": 0.5251317204860517
}