{
    "warm": {
        "mse": 0.1638090414131846,
        "ci": 0.8799795627466815,
        "rmse": 0.40473329664506796,
        "r2": 0.7576945622052808
    },
    "cold_lig": {
        "mse": 0.40227000096702054,
        "ci": 0.7877959160315704,
        "rmse": 0.6342475864889203,
        "r2": 0.46838425848941234
    },
    "cold_prot": {
        "mse": 0.6768376473106914,
        "ci": 0.6877423146242188,
        "rmse": 0.8227014326660015,
        "r2": 0.19355204888369093
    },
    "cold_both": {
        "mse": 0.7106738706260313,
        "ci": 0.6326790756325558,
        "rmse": 0.8430147511319308,
        "r2": 0.025417079916634444
    }
}