{
    "acc": {
        "mean": 0.7881320931820122,
        "std": 0.003046998947412161
    },
    "precision": {
        "mean": 0.3161154674530939,
        "std": 0.032871381371723796
    },
    "recall": {
        "mean": 0.0905256615166045,
        "std": 0.02233172621172099
    },
    "f1": {
        "mean": 0.1399845959763649,
        "std": 0.02967676449200422
    },
    "auc": {
        "mean": 0.5223200635557164,
        "std": 0.008294681094862165
    }
}