{
    "acc": 0.8354598445595854,
    "precision": 0.3597370068879148,
    "recall": 0.2745519713261649,
    "f1": 0.31142431223743056,
    "auc": 0.5989729326569015
}