{
    "warm": {
        "mse": 0.1571119874715805,
        "ci": 0.8648257244606143,
        "rmse": 0.39637354016304016,
        "r2": 0.7716894797331272
    },
    "cold_lig": {
        "mse": 0.39173412322998047,
        "ci": 0.7800598537929906,
        "rmse": 0.6258866786956787,
        "r2": 0.49046581021567026
    },
    "cold_prot": {
        "mse": 0.45425882935523987,
        "ci": 0.692651535856629,
        "rmse": 0.6739872694015503,
        "r2": 0.3145673067306244
    },
    "cold_both": {
        "mse": 0.5625444054603577,
        "ci": 0.6419450535276667,
        "rmse": 0.7500296235084534,
        "r2": 0.18465150210488324
    }
}