{
    "acc": {
        "mean": 0.8102072538860103,
        "std": 0.00781039210871923
    },
    "precision": {
        "mean": 0.2575538751012858,
        "std": 0.020803435753025182
    },
    "recall": {
        "mean": 0.21381123058542414,
        "std": 0.03510297641868415
    },
    "f1": {
        "mean": 0.23265588164704135,
        "std": 0.02764356517494337
    },
    "auc": {
        "mean": 0.5587580221104682,
        "std": 0.013109068656818983
    }
}