{
    "acc": 0.7710043519071593,
    "precision": 0.30485155684286747,
    "recall": 0.1495293908719588,
    "f1": 0.20064339330394373,
    "auc": 0.53420102949467
}