{
    "warm": {
        "mse": 0.2593232197671904,
        "ci": 0.8976118435271234,
        "rmse": 0.5092378813159822,
        "r2": 0.7954877836910709
    },
    "cold_lig": {
        "mse": 0.9316216695750869,
        "ci": 0.7756649533439112,
        "rmse": 0.9652055063949266,
        "r2": 0.010374648736517389
    },
    "cold_prot": {
        "mse": 0.8884500822824752,
        "ci": 0.7703551492194475,
        "rmse": 0.9425763005096591,
        "r2": 0.3995576155832775
    },
    "cold_both": {
        "mse": 0.8673577841243008,
        "ci": 0.5826348997080705,
        "rmse": 0.9313204518984326,
        "r2": -0.04073113591352029
    }
}