{
    "acc": {
        "mean": 0.7667258298489632,
        "std": 0.01806598729139981
    },
    "precision": {
        "mean": 0.29045598070969275,
        "std": 0.012984762090842008
    },
    "recall": {
        "mean": 0.14359793997513765,
        "std": 0.0484643097828038
    },
    "f1": {
        "mean": 0.18622621245789547,
        "std": 0.04246265857480474
    },
    "auc": {
        "mean": 0.5292926847320388,
        "std": 0.007953397338315118
    }
}