{
    "acc": 0.7737690929260176,
    "precision": 0.29259413355523195,
    "recall": 0.12488900728112236,
    "f1": 0.17505756425415397,
    "auc": 0.5265234760276907
}