{
    "warm": {
        "mse": 0.29613831188984396,
        "ci": 0.904621186629842,
        "rmse": 0.5441859166588602,
        "r2": 0.7935226202692954
    },
    "cold_lig": {
        "mse": 1.368062681009183,
        "ci": 0.6795982775191649,
        "rmse": 1.1696421166361883,
        "r2": -0.22514639028926253
    },
    "cold_prot": {
        "mse": 0.8614720278945646,
        "ci": 0.7963707098838742,
        "rmse": 0.9281551744695304,
        "r2": 0.41701663421513835
    },
    "cold_both": {
        "mse": 1.7186138355872227,
        "ci": 0.620364920541495,
        "rmse": 1.310959128114688,
        "r2": -0.46384291628108465
    }
}