{
    "acc": 0.7507893164945815,
    "precision": 0.23023499959622062,
    "recall": 0.12657609660806252,
    "f1": 0.16334832555074913,
    "auc": 0.5129426233362497
}