{
    "warm": {
        "mse": 0.348899781703949,
        "ci": 0.867923114391697,
        "rmse": 0.5906773805618286,
        "r2": 0.7375772419979587
    },
    "cold_lig": {
        "mse": 1.692138433456421,
        "ci": 0.6779770852003527,
        "rmse": 1.3008222579956055,
        "r2": -0.089035660173433
    },
    "cold_prot": {
        "mse": 1.1075005531311035,
        "ci": 0.7835674330932648,
        "rmse": 1.052378535270691,
        "r2": 0.36722317436353447
    },
    "cold_both": {
        "mse": 2.408207893371582,
        "ci": 0.5855526854903358,
        "rmse": 1.5518401861190796,
        "r2": -0.17662548890995744
    },
    "val": {
        "mse": 0.33496683835983276,
        "ci": 0.8631192205123469,
        "rmse": 0.5787631869316101,
        "r2": 0.732489090005195
    }
}