{
    "acc": 0.7168529738032255,
    "precision": 0.2527834477639636,
    "recall": 0.2419197300657077,
    "f1": 0.24723230490018147,
    "auc": 0.5358870828301623
}