{
    "warm": {
        "mse": 0.3620632835304897,
        "ci": 0.8757033725234125,
        "rmse": 0.6017169463547538,
        "r2": 0.7475575598341401
    },
    "cold_lig": {
        "mse": 1.4839278259371214,
        "ci": 0.6366831320069876,
        "rmse": 1.2181657629145228,
        "r2": -0.3289075454171051
    },
    "cold_prot": {
        "mse": 1.3719464023855181,
        "ci": 0.7116007036978067,
        "rmse": 1.1713011578520351,
        "r2": 0.07156366609615372
    },
    "cold_both": {
        "mse": 2.28458188941721,
        "ci": 0.4909505591524426,
        "rmse": 1.5114833407673436,
        "r2": -0.9459106788493625
    }
}