{
    "acc": 0.8102007772020725,
    "precision": 0.2694001100715465,
    "recall": 0.23393070489844683,
    "f1": 0.2504156541757258,
    "auc": 0.5672369388886316
}