{
    "warm": {
        "mse": 0.16565321385860443,
        "ci": 0.8601296476809017,
        "rmse": 0.4070051908493042,
        "r2": 0.7477022273966272
    },
    "cold_lig": {
        "mse": 0.38297101855278015,
        "ci": 0.7498484040012244,
        "rmse": 0.6188465356826782,
        "r2": 0.403319661604735
    },
    "cold_prot": {
        "mse": 0.30453354120254517,
        "ci": 0.812978896691653,
        "rmse": 0.5518455505371094,
        "r2": 0.651452190287902
    },
    "cold_both": {
        "mse": 0.5795212388038635,
        "ci": 0.7218024180719058,
        "rmse": 0.7612629532814026,
        "r2": 0.361182194099554
    }
}