{
    "acc": 0.8180375647668394,
    "precision": 0.2524171270718232,
    "recall": 0.17467144563918757,
    "f1": 0.20646801299251516,
    "auc": 0.5467850579010697
}