{
    "warm": {
        "mse": 0.15182336160579799,
        "ci": 0.8842154563057887,
        "rmse": 0.38964517397986337,
        "r2": 0.7687657529589217
    },
    "cold_lig": {
        "mse": 0.5032529726182131,
        "ci": 0.7150669679010178,
        "rmse": 0.7094032510626189,
        "r2": 0.21591678992177377
    },
    "cold_prot": {
        "mse": 0.7199320121213666,
        "ci": 0.6745938303574887,
        "rmse": 0.8484880742363835,
        "r2": 0.1760160893870074
    },
    "cold_both": {
        "mse": 0.9448792836474732,
        "ci": 0.6179388781739009,
        "rmse": 0.9720490129862142,
        "r2": -0.04155950877392578
    }
}