{
    "acc": 0.8171632124352332,
    "precision": 0.31841909023117076,
    "recall": 0.3060931899641577,
    "f1": 0.3121345029239766,
    "auc": 0.6016886627850382
}