{
    "warm": {
        "mse": 0.16363543272018433,
        "ci": 0.8583026342162307,
        "rmse": 0.4045187532901764,
        "r2": 0.7579513710721042
    },
    "cold_lig": {
        "mse": 0.3599199950695038,
        "ci": 0.7738196032533282,
        "rmse": 0.5999333262443542,
        "r2": 0.524351502136797
    },
    "cold_prot": {
        "mse": 0.5092834234237671,
        "ci": 0.7402059942537602,
        "rmse": 0.7136409878730774,
        "r2": 0.39319186746956325
    },
    "cold_both": {
        "mse": 0.551314115524292,
        "ci": 0.672770635159955,
        "rmse": 0.7425053119659424,
        "r2": 0.2439551118951011
    }
}