{
    "acc": 0.7878317262565065,
    "precision": 0.33233018056749786,
    "recall": 0.10295684603090037,
    "f1": 0.15720968069961358,
    "auc": 0.526870855356523
}