{
    "warm": {
        "mse": 0.2732330781447163,
        "ci": 0.8944430812794197,
        "rmse": 0.5227170153579432,
        "r2": 0.8006221835833338
    },
    "cold_lig": {
        "mse": 0.8814566792497986,
        "ci": 0.7373531259691941,
        "rmse": 0.9388592435769052,
        "r2": 0.1552352729718598
    },
    "cold_prot": {
        "mse": 1.2208589217835486,
        "ci": 0.7600810794143907,
        "rmse": 1.1049248489302559,
        "r2": 0.2557379174630967
    },
    "cold_both": {
        "mse": 1.2762573463841833,
        "ci": 0.5584812216260834,
        "rmse": 1.1297156042049625,
        "r2": -0.06311826782763008
    }
}