{
    "acc": 0.8205634715025907,
    "precision": 0.29940828402366865,
    "recall": 0.24181600955794505,
    "f1": 0.26754791804362194,
    "auc": 0.5765551297087347
}