{
    "warm": {
        "mse": 0.16285473869343992,
        "ci": 0.8730889243167598,
        "rmse": 0.40355264674319746,
        "r2": 0.7591061615669618
    },
    "cold_lig": {
        "mse": 0.41520379155514103,
        "ci": 0.7747741583681,
        "rmse": 0.6443630898454232,
        "r2": 0.45129174187739185
    },
    "cold_prot": {
        "mse": 0.5896462547071937,
        "ci": 0.7305107002645231,
        "rmse": 0.7678842716889008,
        "r2": 0.2974400642732832
    },
    "cold_both": {
        "mse": 0.5855488109698255,
        "ci": 0.6623125633926369,
        "rmse": 0.7652116118890417,
        "r2": 0.19700738463394374
    }
}