{
    "acc": {
        "mean": 0.8321308290155441,
        "std": 0.009500644114142255
    },
    "precision": {
        "mean": 0.24991586907348382,
        "std": 0.04249061227470873
    },
    "recall": {
        "mean": 0.11722819593787334,
        "std": 0.02815484115943408
    },
    "f1": {
        "mean": 0.15820588737954083,
        "std": 0.03183047882436115
    },
    "auc": {
        "mean": 0.5307174881169044,
        "std": 0.012788505819734118
    }
}