{
    "acc": 0.8311528497409326,
    "precision": 0.28391432171356573,
    "recall": 0.16152927120669056,
    "f1": 0.20590922936338715,
    "auc": 0.5488298163488031
}