{
    "warm": {
        "mse": 0.16934307641930932,
        "ci": 0.8881524663581172,
        "rmse": 0.41151315461271626,
        "r2": 0.7557262774539832
    },
    "cold_lig": {
        "mse": 0.6489085519937443,
        "ci": 0.7278556596964288,
        "rmse": 0.8055486031232034,
        "r2": 0.19459983430707928
    },
    "cold_prot": {
        "mse": 0.4577777051140056,
        "ci": 0.6716486597115262,
        "rmse": 0.6765927173078392,
        "r2": 0.17062630873705553
    },
    "cold_both": {
        "mse": 0.6830543393195276,
        "ci": 0.6078018328310474,
        "rmse": 0.826471015414048,
        "r2": -0.07709172835064981
    }
}