{
    "acc": 0.7872600051198908,
    "precision": 0.3250472452391336,
    "recall": 0.09927188776416267,
    "f1": 0.1520933238104955,
    "auc": 0.5251128838605319
}