{
    "warm": {
        "mse": 0.2880845583386869,
        "ci": 0.8727162155540888,
        "rmse": 0.5367350913986219,
        "r2": 0.7833190209874943
    },
    "cold_lig": {
        "mse": 2.192544110501916,
        "ci": 0.5034315965738483,
        "rmse": 1.4807241844793093,
        "r2": -0.41108933063429953
    },
    "cold_prot": {
        "mse": 1.85634352412335,
        "ci": 0.675156155011808,
        "rmse": 1.3624769811352226,
        "r2": -0.06063259560221823
    },
    "cold_both": {
        "mse": 3.0880708679540234,
        "ci": 0.49888661263026635,
        "rmse": 1.7572907750153426,
        "r2": -0.5087994035550043
    }
}