{
    "acc": 0.7808430753477259,
    "precision": 0.31644392794886694,
    "recall": 0.12089326940152725,
    "f1": 0.1749494040926467,
    "auc": 0.5293795145097763
}