{
    "warm": {
        "mse": 0.30416047429574883,
        "ci": 0.885283841221814,
        "rmse": 0.5515074562467391,
        "r2": 0.760127408692352
    },
    "cold_lig": {
        "mse": 0.8033081433667636,
        "ci": 0.7674595328644856,
        "rmse": 0.8962745914990359,
        "r2": 0.14667710132296774
    },
    "cold_prot": {
        "mse": 0.9742369070098776,
        "ci": 0.7592308675791171,
        "rmse": 0.9870344001147465,
        "r2": 0.34158019330815204
    },
    "cold_both": {
        "mse": 0.8297695098656929,
        "ci": 0.5873434410019776,
        "rmse": 0.9109168512359912,
        "r2": 0.004370537331604862
    }
}