{
    "acc": 0.7496117416161788,
    "precision": 0.29648421178296425,
    "recall": 0.22052033386609837,
    "f1": 0.25292155714540315,
    "auc": 0.5480097285496802
}