{
    "warm": {
        "mse": 0.2923238235310107,
        "ci": 0.8784624666810749,
        "rmse": 0.5406697915835604,
        "r2": 0.7694622445151704
    },
    "cold_lig": {
        "mse": 1.16299399295546,
        "ci": 0.743518749802106,
        "rmse": 1.078421992058517,
        "r2": -0.2354031431244039
    },
    "cold_prot": {
        "mse": 1.1197254771905252,
        "ci": 0.7388415881491242,
        "rmse": 1.0581708166409265,
        "r2": 0.2432544620974333
    },
    "cold_both": {
        "mse": 1.2564333173604953,
        "ci": 0.545484508899143,
        "rmse": 1.120907363416128,
        "r2": -0.507577723414756
    }
}