{
    "acc": 0.8316062176165803,
    "precision": 0.33474438293715403,
    "recall": 0.24563918757467146,
    "f1": 0.2833517089305403,
    "auc": 0.584554000979694
}