{
    "warm": {
        "mse": 0.15068359673023224,
        "ci": 0.8696481673207251,
        "rmse": 0.38817983865737915,
        "r2": 0.7810310418541839
    },
    "cold_lig": {
        "mse": 0.3873356580734253,
        "ci": 0.7761319486279797,
        "rmse": 0.6223629713058472,
        "r2": 0.4961869315196513
    },
    "cold_prot": {
        "mse": 0.4579882025718689,
        "ci": 0.6974333210077008,
        "rmse": 0.6767482757568359,
        "r2": 0.30894007547192925
    },
    "cold_both": {
        "mse": 0.5914350152015686,
        "ci": 0.6251220725617733,
        "rmse": 0.7690480947494507,
        "r2": 0.14277749138753837
    }
}