{
    "acc": 0.835330310880829,
    "precision": 0.28952291861552854,
    "recall": 0.14790919952210274,
    "f1": 0.19579313616953978,
    "auc": 0.5455035789706412
}