{
    "warm": {
        "mse": 0.15880578278491309,
        "ci": 0.8922235323496058,
        "rmse": 0.398504432578752,
        "r2": 0.7941742943994305
    },
    "cold_lig": {
        "mse": 0.38673852350266813,
        "ci": 0.7546472998123831,
        "rmse": 0.6218830464827515,
        "r2": 0.2644604371506969
    },
    "cold_prot": {
        "mse": 0.5676437620108518,
        "ci": 0.6699299405265822,
        "rmse": 0.7534213708217015,
        "r2": 0.12330878741379148
    },
    "cold_both": {
        "mse": 0.6022738518334063,
        "ci": 0.6641268716222203,
        "rmse": 0.7760630463006252,
        "r2": -0.17185930671779603
    }
}