{
    "acc": 0.8178432642487047,
    "precision": 0.17123287671232876,
    "recall": 0.08960573476702509,
    "f1": 0.11764705882352941,
    "auc": 0.5108077372093226
}