{
    "warm": {
        "mse": 0.17349523823087576,
        "ci": 0.8814853361463607,
        "rmse": 0.4165275960016044,
        "r2": 0.7751355196203761
    },
    "cold_lig": {
        "mse": 0.39073718287548304,
        "ci": 0.7526080925227455,
        "rmse": 0.6250897398577928,
        "r2": 0.25685537070832243
    },
    "cold_prot": {
        "mse": 0.6120903072247738,
        "ci": 0.6205711264383889,
        "rmse": 0.7823620052282535,
        "r2": 0.054663805778079944
    },
    "cold_both": {
        "mse": 0.5657546975846913,
        "ci": 0.5688845574554797,
        "rmse": 0.7521666687541341,
        "r2": -0.10080307432526503
    }
}