{
    "acc": {
        "mean": 0.8211722797927461,
        "std": 0.008211464694780214
    },
    "precision": {
        "mean": 0.3091262782114671,
        "std": 0.01580244358198121
    },
    "recall": {
        "mean": 0.25663082437275986,
        "std": 0.03343915065144259
    },
    "f1": {
        "mean": 0.2790568951054812,
        "std": 0.019134225345965185
    },
    "auc": {
        "mean": 0.5831533968276986,
        "std": 0.010902969982273416
    }
}