{
    "acc": 0.8164183937823835,
    "precision": 0.28604382929642447,
    "recall": 0.23703703703703705,
    "f1": 0.2592447406245917,
    "auc": 0.5721427927271718
}