{
    "warm": {
        "mse": 0.1834738701581955,
        "ci": 0.8500587981634,
        "rmse": 0.42833849787712097,
        "r2": 0.7353429177326911
    },
    "cold_lig": {
        "mse": 0.5557007193565369,
        "ci": 0.7319334337621973,
        "rmse": 0.7454533576965332,
        "r2": 0.3102857929023969
    },
    "cold_prot": {
        "mse": 0.36299365758895874,
        "ci": 0.6783008866550408,
        "rmse": 0.6024895310401917,
        "r2": 0.34235018899992364
    },
    "cold_both": {
        "mse": 0.626473605632782,
        "ci": 0.622040100867212,
        "rmse": 0.7915008664131165,
        "r2": 0.012128994765405077
    },
    "val": {
        "mse": 0.1554223746061325,
        "ci": 0.856850810530816,
        "rmse": 0.3942364454269409,
        "r2": 0.7713220743166572
    }
}