{
    "acc": 0.8223769430051814,
    "precision": 0.2990105132962276,
    "recall": 0.23106332138590202,
    "f1": 0.26068203261895134,
    "auc": 0.5730705256489353
}