{
    "warm": {
        "mse": 0.15775880217552185,
        "ci": 0.8638328338115325,
        "rmse": 0.39718863368034363,
        "r2": 0.7597257731276782
    },
    "cold_lig": {
        "mse": 0.3690834641456604,
        "ci": 0.7525372541770257,
        "rmse": 0.6075223684310913,
        "r2": 0.42495698238523083
    },
    "cold_prot": {
        "mse": 0.30001622438430786,
        "ci": 0.8159738341596123,
        "rmse": 0.5477373600006104,
        "r2": 0.6566223977746546
    },
    "cold_both": {
        "mse": 0.6074774265289307,
        "ci": 0.7020561565383392,
        "rmse": 0.7794083952903748,
        "r2": 0.33036545847170207
    }
}