{
    "acc": 0.8080310880829016,
    "precision": 0.27451487710219924,
    "recall": 0.2535244922341697,
    "f1": 0.26360248447204965,
    "auc": 0.5742430477653336
}