{
    "warm": {
        "mse": 0.15628293118968378,
        "ci": 0.8799566949167087,
        "rmse": 0.3953263603526633,
        "r2": 0.7688271432695755
    },
    "cold_lig": {
        "mse": 0.46378646682747054,
        "ci": 0.7665628434564061,
        "rmse": 0.6810186978545233,
        "r2": 0.38708781198607245
    },
    "cold_prot": {
        "mse": 0.5269006875584196,
        "ci": 0.7430902493177352,
        "rmse": 0.7258792513623871,
        "r2": 0.3722010269204038
    },
    "cold_both": {
        "mse": 0.6543861805080278,
        "ci": 0.6259491762383838,
        "rmse": 0.8089413949774283,
        "r2": 0.10260722812291079
    }
}