{
    "acc": 0.8241256476683938,
    "precision": 0.31622418879056047,
    "recall": 0.25615292712066906,
    "f1": 0.2830363036303631,
    "auc": 0.584660093453573
}