{
    "warm": {
        "mse": 0.18538928031921387,
        "ci": 0.8525150040130999,
        "rmse": 0.43056854605674744,
        "r2": 0.7325799878909185
    },
    "cold_lig": {
        "mse": 0.5359879732131958,
        "ci": 0.746854706842373,
        "rmse": 0.7321119904518127,
        "r2": 0.33475247691243903
    },
    "cold_prot": {
        "mse": 0.3659416437149048,
        "ci": 0.6616649446216338,
        "rmse": 0.604931116104126,
        "r2": 0.3370091491935774
    },
    "cold_both": {
        "mse": 0.619387686252594,
        "ci": 0.6181960760194354,
        "rmse": 0.7870118618011475,
        "r2": 0.02330256348184423
    }
}