{
    "acc": {
        "mean": 0.7533663281849987,
        "std": 0.012544957167060578
    },
    "precision": {
        "mean": 0.24782538797496656,
        "std": 0.012854873452244368
    },
    "recall": {
        "mean": 0.13990410229088973,
        "std": 0.03697009646860423
    },
    "f1": {
        "mean": 0.1764002753866079,
        "std": 0.03115590043769167
    },
    "auc": {
        "mean": 0.5196161332868684,
        "std": 0.007775133801175792
    }
}