{
    "acc": 0.8180699481865285,
    "precision": 0.30278007156619874,
    "recall": 0.2628434886499403,
    "f1": 0.28140189306728064,
    "auc": 0.5839784028752605
}