{
    "warm": {
        "mse": 0.17765989899635315,
        "ci": 0.8544930522448116,
        "rmse": 0.4214972257614136,
        "r2": 0.7437294389007618
    },
    "cold_lig": {
        "mse": 0.5079938769340515,
        "ci": 0.7460470274668523,
        "rmse": 0.7127369046211243,
        "r2": 0.36949764209191027
    },
    "cold_prot": {
        "mse": 0.3612484037876129,
        "ci": 0.6679172018615135,
        "rmse": 0.6010394096374512,
        "r2": 0.3455121667692125
    },
    "cold_both": {
        "mse": 0.5788368582725525,
        "ci": 0.6171658773602312,
        "rmse": 0.760813295841217,
        "r2": 0.08724621314728187
    }
}