{
    "acc": 0.7561993344141992,
    "precision": 0.24709326641572563,
    "recall": 0.13114899662582136,
    "f1": 0.17135067722381742,
    "auc": 0.5180336705606027
}