{
    "warm": {
        "mse": 0.33770549297332764,
        "ci": 0.889985707670217,
        "rmse": 0.5811243057250977,
        "r2": 0.7645406170310878
    },
    "cold_lig": {
        "mse": 0.9559740424156189,
        "ci": 0.7069239800653412,
        "rmse": 0.9777392745018005,
        "r2": 0.14389294392560525
    },
    "cold_prot": {
        "mse": 0.7417662143707275,
        "ci": 0.8059180045886526,
        "rmse": 0.8612585067749023,
        "r2": 0.4980250904267568
    },
    "cold_both": {
        "mse": 1.322034478187561,
        "ci": 0.6065332548557976,
        "rmse": 1.1497975587844849,
        "r2": -0.12605337150773677
    }
}