{
    "acc": {
        "mean": 0.8184909326424871,
        "std": 0.006508503442692923
    },
    "precision": {
        "mean": 0.3059051714929547,
        "std": 0.02883237479006338
    },
    "recall": {
        "mean": 0.2682437275985663,
        "std": 0.03146096012396535
    },
    "f1": {
        "mean": 0.2856598991251487,
        "std": 0.02964249305526705
    },
    "auc": {
        "mean": 0.5864987133965861,
        "std": 0.01616582462433628
    }
}