{
    "acc": 0.8148639896373057,
    "precision": 0.29397525551371706,
    "recall": 0.26117084826762244,
    "f1": 0.2766038213336708,
    "auc": 0.5814189135513051
}