{
    "warm": {
        "mse": 0.1538165658712387,
        "ci": 0.8644153465273035,
        "rmse": 0.392194539308548,
        "r2": 0.7724753887990923
    },
    "cold_lig": {
        "mse": 0.3578870892524719,
        "ci": 0.7718116940521202,
        "rmse": 0.598236620426178,
        "r2": 0.5270380482382919
    },
    "cold_prot": {
        "mse": 0.5320989489555359,
        "ci": 0.7360580911655202,
        "rmse": 0.7294511198997498,
        "r2": 0.3660072791625567
    },
    "cold_both": {
        "mse": 0.5832450985908508,
        "ci": 0.6593930754680776,
        "rmse": 0.7637048363685608,
        "r2": 0.200166562593583
    }
}