{
    "acc": 0.8260362694300518,
    "precision": 0.29240993354319694,
    "recall": 0.1997610513739546,
    "f1": 0.23736513344690519,
    "auc": 0.5619895348647259
}