{
    "warm": {
        "mse": 0.1520099856477306,
        "ci": 0.8917076517243411,
        "rmse": 0.3898845799050414,
        "r2": 0.7751476609362676
    },
    "cold_lig": {
        "mse": 0.43805701538289615,
        "ci": 0.7783523290245159,
        "rmse": 0.6618587578803322,
        "r2": 0.421090301297945
    },
    "cold_prot": {
        "mse": 0.6139616142410812,
        "ci": 0.71727508254706,
        "rmse": 0.7835570267958045,
        "r2": 0.2684684608840898
    },
    "cold_both": {
        "mse": 0.671784317705566,
        "ci": 0.5926971682337784,
        "rmse": 0.8196244979901259,
        "r2": 0.078748285146646
    }
}