{
    "acc": 0.7649884802457547,
    "precision": 0.2564326633653753,
    "recall": 0.11725270822234062,
    "f1": 0.16092374249763886,
    "auc": 0.5181788861712553
}