{
    "warm": {
        "mse": 0.3118278682231903,
        "ci": 0.8916264438200898,
        "rmse": 0.5584154725074768,
        "r2": 0.7540805983284198
    },
    "cold_lig": {
        "mse": 1.2262704372406006,
        "ci": 0.7178476397542478,
        "rmse": 1.1073709726333618,
        "r2": -0.3026192175264222
    },
    "cold_prot": {
        "mse": 0.8858188390731812,
        "ci": 0.7846427054530325,
        "rmse": 0.9411795139312744,
        "r2": 0.40133589080979526
    },
    "cold_both": {
        "mse": 1.2255842685699463,
        "ci": 0.5433656653168848,
        "rmse": 1.1070611476898193,
        "r2": -0.4705623765985869
    }
}