{
    "acc": 0.7299769604915095,
    "precision": 0.2380213719407101,
    "recall": 0.1839371337240277,
    "f1": 0.20751314800901577,
    "auc": 0.5219170172032135,
    "ci": 0.5193066102408329
}