{
    "warm": {
        "mse": 0.35588133335113525,
        "ci": 0.8905454072980834,
        "rmse": 0.5965579152107239,
        "r2": 0.7518678249953096
    },
    "cold_lig": {
        "mse": 0.9782620072364807,
        "ci": 0.7293321118198868,
        "rmse": 0.9890713095664978,
        "r2": 0.12393325365430718
    },
    "cold_prot": {
        "mse": 0.791546106338501,
        "ci": 0.8144962792239487,
        "rmse": 0.8896887898445129,
        "r2": 0.4643375762982951
    },
    "cold_both": {
        "mse": 1.4888300895690918,
        "ci": 0.6133019423190111,
        "rmse": 1.2201762199401855,
        "r2": -0.2681227707515419
    }
}