{
    "acc": 0.7352760474443212,
    "precision": 0.268406997656548,
    "recall": 0.218655656188954,
    "f1": 0.24099038485063487,
    "auc": 0.5384259203345632
}