{
    "warm": {
        "mse": 0.28558878933087595,
        "ci": 0.8924030931786936,
        "rmse": 0.5344050798138767,
        "r2": 0.7851961978661168
    },
    "cold_lig": {
        "mse": 2.009334309506067,
        "ci": 0.5812135596488158,
        "rmse": 1.4175098974984504,
        "r2": -0.2931781815656982
    },
    "cold_prot": {
        "mse": 1.5334054040667766,
        "ci": 0.7097377513423405,
        "rmse": 1.238307475575746,
        "r2": 0.1238799647312776
    },
    "cold_both": {
        "mse": 3.0370648849557305,
        "ci": 0.4943439921617529,
        "rmse": 1.742717672187819,
        "r2": -0.4838784091814039
    }
}