{
    "acc": 0.7700742384162471,
    "precision": 0.28107358621372686,
    "recall": 0.12599893446989877,
    "f1": 0.1739983446246283,
    "auc": 0.5246594085021414
}