{
    "warm": {
        "mse": 0.3087938371429717,
        "ci": 0.8874585057267033,
        "rmse": 0.5556922143983769,
        "r2": 0.7746735446874375
    },
    "cold_lig": {
        "mse": 0.9800197829911796,
        "ci": 0.7057483866316164,
        "rmse": 0.9899594855301805,
        "r2": 0.06077500579457973
    },
    "cold_prot": {
        "mse": 1.7395452101131668,
        "ci": 0.6552091646907731,
        "rmse": 1.3189181968997041,
        "r2": -0.06046449564748291
    },
    "cold_both": {
        "mse": 1.292030193500189,
        "ci": 0.5774659513000413,
        "rmse": 1.136675060648464,
        "r2": -0.07625699878356551
    }
}