{
    "acc": {
        "mean": 0.8182124352331606,
        "std": 0.015839598893210693
    },
    "precision": {
        "mean": 0.2460861893179672,
        "std": 0.037590463417365
    },
    "recall": {
        "mean": 0.15531660692951016,
        "std": 0.016840030505952428
    },
    "f1": {
        "mean": 0.18788332201490884,
        "std": 0.00788191465310685
    },
    "auc": {
        "mean": 0.5387259191231181,
        "std": 0.0046977862523770375
    }
}