{
    "acc": {
        "mean": 0.7610837102141821,
        "std": 0.003677725247432317
    },
    "precision": {
        "mean": 0.25000474352465496,
        "std": 0.022258108962811444
    },
    "recall": {
        "mean": 0.12297993251642692,
        "std": 0.020689633481224677
    },
    "f1": {
        "mean": 0.1645312135839291,
        "std": 0.023321004416457368
    },
    "auc": {
        "mean": 0.5179442370629375,
        "std": 0.008005258737929538
    }
}