{
    "acc": 0.7606365730864408,
    "precision": 0.22797519440889852,
    "recall": 0.1028236547682472,
    "f1": 0.1417250558394272,
    "auc": 0.5099872398870285,
    "ci": 0.5137654758482294
}