{
    "warm": {
        "mse": 0.32818880677223206,
        "ci": 0.8792555426759964,
        "rmse": 0.5728776454925537,
        "r2": 0.7605210584467325
    },
    "cold_lig": {
        "mse": 0.7357483506202698,
        "ci": 0.7368701740572424,
        "rmse": 0.8577577471733093,
        "r2": 0.2948782540265197
    },
    "cold_prot": {
        "mse": 1.2640810012817383,
        "ci": 0.740129394594527,
        "rmse": 1.1243135929107666,
        "r2": 0.2293887566784869
    },
    "cold_both": {
        "mse": 1.4493157863616943,
        "ci": 0.5319851423854726,
        "rmse": 1.2038753032684326,
        "r2": -0.20727539452441146
    }
}