{
    "acc": 0.7892055636146429,
    "precision": 0.34253504841740134,
    "recall": 0.10522109749600426,
    "f1": 0.16098902965051115,
    "auc": 0.5285839710960467
}