{
    "warm": {
        "mse": 0.27427844845782634,
        "ci": 0.8704338293685047,
        "rmse": 0.5237159998108004,
        "r2": 0.7722661386498881
    },
    "cold_lig": {
        "mse": 3.5146528939152004,
        "ci": 0.5442037962730336,
        "rmse": 1.8747407537884273,
        "r2": -0.5375185174559824
    },
    "cold_prot": {
        "mse": 0.9378037733800452,
        "ci": 0.7683234121930096,
        "rmse": 0.9684026917455595,
        "r2": 0.39030299454103856
    },
    "cold_both": {
        "mse": 4.400540710609405,
        "ci": 0.522837552742616,
        "rmse": 2.097746579215279,
        "r2": -0.5118314933127279
    }
}