{
    "acc": {
        "mean": 0.7669732912364535,
        "std": 0.005335952469850114
    },
    "precision": {
        "mean": 0.2592116519030635,
        "std": 0.02450047971717133
    },
    "recall": {
        "mean": 0.11405611791866452,
        "std": 0.011179712063195107
    },
    "f1": {
        "mean": 0.15829374917495728,
        "std": 0.014887450634671895
    },
    "auc": {
        "mean": 0.5181894051659957,
        "std": 0.006421653973000566
    }
}