{
    "acc": {
        "mean": 0.8266126943005181,
        "std": 0.016590141900035382
    },
    "precision": {
        "mean": 0.27128311660590276,
        "std": 0.07409102456381204
    },
    "recall": {
        "mean": 0.15622461170848267,
        "std": 0.032526657362475314
    },
    "f1": {
        "mean": 0.19742410473765484,
        "std": 0.04504171632712924
    },
    "auc": {
        "mean": 0.5439673348858953,
        "std": 0.02162249318269843
    }
}