{
    "acc": 0.8132772020725388,
    "precision": 0.29015131404300504,
    "recall": 0.26117084826762244,
    "f1": 0.2748993963782696,
    "auc": 0.5805011386870984
}