{
    "warm": {
        "mse": 0.1649237722158432,
        "ci": 0.8711396357308566,
        "rmse": 0.4061080813407898,
        "r2": 0.7862448728229388
    },
    "cold_lig": {
        "mse": 0.322214275598526,
        "ci": 0.7423820379359364,
        "rmse": 0.5676392316818237,
        "r2": 0.3871793949532083
    },
    "cold_prot": {
        "mse": 0.48832932114601135,
        "ci": 0.6767455752048457,
        "rmse": 0.6988056302070618,
        "r2": 0.2458050613113213
    },
    "cold_both": {
        "mse": 0.5039322376251221,
        "ci": 0.649331088863294,
        "rmse": 0.7098818421363831,
        "r2": 0.019486322629789554
    }
}