{
    "acc": 0.8113018134715025,
    "precision": 0.1797971918876755,
    "recall": 0.11015531660692951,
    "f1": 0.13661283153059714,
    "auc": 0.5156882595396514
}