{
    "warm": {
        "mse": 0.1535274969121598,
        "ci": 0.8879554104154531,
        "rmse": 0.39182585023471816,
        "r2": 0.7661702733156384
    },
    "cold_lig": {
        "mse": 0.5274435913090176,
        "ci": 0.7144655604060668,
        "rmse": 0.726253117934111,
        "r2": 0.17822708118903718
    },
    "cold_prot": {
        "mse": 0.7267490469119857,
        "ci": 0.6963185198856076,
        "rmse": 0.8524957753044796,
        "r2": 0.16821378737656123
    },
    "cold_both": {
        "mse": 0.8944008102414449,
        "ci": 0.6252659415823275,
        "rmse": 0.9457276617723757,
        "r2": 0.014083931477491873
    }
}