{
    "acc": 0.8306023316062177,
    "precision": 0.3168767507002801,
    "recall": 0.2162485065710872,
    "f1": 0.25706575770487144,
    "auc": 0.5715818296106981
}