{
    "warm": {
        "mse": 0.14353037055635937,
        "ci": 0.8915346893153445,
        "rmse": 0.3788540227533019,
        "r2": 0.7813963752870872
    },
    "cold_lig": {
        "mse": 0.40693270525935943,
        "ci": 0.7569890939143353,
        "rmse": 0.6379127724535381,
        "r2": 0.3659866524670621
    },
    "cold_prot": {
        "mse": 0.4401798675784152,
        "ci": 0.7689280635436432,
        "rmse": 0.6634605245064813,
        "r2": 0.49620085986782403
    },
    "cold_both": {
        "mse": 0.7928028821886726,
        "ci": 0.6322152188177281,
        "rmse": 0.8903947900727366,
        "r2": 0.12607737854154555
    }
}