{
    "acc": 0.7997733160621762,
    "precision": 0.21193771626297578,
    "recall": 0.17562724014336917,
    "f1": 0.19208153665229324,
    "auc": 0.5366242587680696
}