{
    "warm": {
        "mse": 0.15863734208214303,
        "ci": 0.8799315078342032,
        "rmse": 0.39829303544267886,
        "r2": 0.7653445115593572
    },
    "cold_lig": {
        "mse": 0.3990930998817802,
        "ci": 0.7784377798113461,
        "rmse": 0.631738157690178,
        "r2": 0.4725826591210177
    },
    "cold_prot": {
        "mse": 0.6090544057970998,
        "ci": 0.7151398759349124,
        "rmse": 0.7804193781532464,
        "r2": 0.27431536997827755
    },
    "cold_both": {
        "mse": 0.5966458258847671,
        "ci": 0.6244277529537542,
        "rmse": 0.7724285247741484,
        "r2": 0.1817894884272272
    }
}