{
    "acc": {
        "mean": 0.7542111101629831,
        "std": 0.012421242630415864
    },
    "precision": {
        "mean": 0.25086088047658217,
        "std": 0.021671618808933264
    },
    "recall": {
        "mean": 0.14312733084709642,
        "std": 0.039554774329757535
    },
    "f1": {
        "mean": 0.17993528700570183,
        "std": 0.03721323742726861
    },
    "auc": {
        "mean": 0.521367185166645,
        "std": 0.00982307539981167
    }
}