{
    "acc": {
        "mean": 0.7658486218960663,
        "std": 0.00512968997106982
    },
    "precision": {
        "mean": 0.26580932321753586,
        "std": 0.012387579504254537
    },
    "recall": {
        "mean": 0.12479133368851003,
        "std": 0.020280877278189315
    },
    "f1": {
        "mean": 0.16914277288058738,
        "std": 0.02105212252208694
    },
    "auc": {
        "mean": 0.5215837597181485,
        "std": 0.005216018748076623
    }
}