{
    "acc": 0.8090025906735752,
    "precision": 0.30431802604523644,
    "recall": 0.31827956989247314,
    "f1": 0.31114225648213034,
    "auc": 0.6021066326705296
}