{
    "warm": {
        "mse": 0.15626323223114014,
        "ci": 0.8604186926537399,
        "rmse": 0.3953014314174652,
        "r2": 0.7688562955628111
    },
    "cold_lig": {
        "mse": 0.3749893307685852,
        "ci": 0.7670771717792175,
        "rmse": 0.6123636960983276,
        "r2": 0.5044367923986237
    },
    "cold_prot": {
        "mse": 0.5286911129951477,
        "ci": 0.7354881975029764,
        "rmse": 0.7271114587783813,
        "r2": 0.3700677779612894
    },
    "cold_both": {
        "mse": 0.607576310634613,
        "ci": 0.6395460401875052,
        "rmse": 0.7794718146324158,
        "r2": 0.16679989552083718
    }
}