{
    "acc": 0.8161917098445596,
    "precision": 0.2888700084961767,
    "recall": 0.24372759856630824,
    "f1": 0.26438569206842927,
    "auc": 0.5748325200173741
}