{
    "warm": {
        "mse": 0.16676346079141544,
        "ci": 0.8797444427895341,
        "rmse": 0.4083668213645857,
        "r2": 0.757664263297054
    },
    "cold_lig": {
        "mse": 0.47447700725168235,
        "ci": 0.7559756125549697,
        "rmse": 0.688822914290518,
        "r2": 0.3828409039749813
    },
    "cold_prot": {
        "mse": 0.4805286247116701,
        "ci": 0.6902113779222373,
        "rmse": 0.6932017200726425,
        "r2": 0.2749287550961087
    },
    "cold_both": {
        "mse": 0.7387208018332401,
        "ci": 0.6111643419137293,
        "rmse": 0.859488686274136,
        "r2": -0.0706976101709138
    }
}