{
    "acc": 0.8313147668393782,
    "precision": 0.24219536757301108,
    "recall": 0.11493428912783751,
    "f1": 0.15589045535569598,
    "auc": 0.529278345163282
}