{
    "warm": {
        "mse": 0.15708261065056636,
        "ci": 0.8885334971726352,
        "rmse": 0.3963364866506317,
        "r2": 0.7717321888465714
    },
    "cold_lig": {
        "mse": 0.5751562777551625,
        "ci": 0.7243932234936007,
        "rmse": 0.7583905839046016,
        "r2": 0.2518859227583107
    },
    "cold_prot": {
        "mse": 0.5056817863509933,
        "ci": 0.6775731715149561,
        "rmse": 0.7111130615809228,
        "r2": 0.23697506558586146
    },
    "cold_both": {
        "mse": 0.7640749727697647,
        "ci": 0.5480090656151536,
        "rmse": 0.8741138214041491,
        "r2": -0.10744579725625569
    }
}