{
    "acc": 0.8200129533678756,
    "precision": 0.32089746934516045,
    "recall": 0.2939068100358423,
    "f1": 0.3068096782239961,
    "auc": 0.5981989566193446
}