{
    "warm": {
        "mse": 0.15368428826332092,
        "ci": 0.869950286714793,
        "rmse": 0.392025887966156,
        "r2": 0.7766705295990008
    },
    "cold_lig": {
        "mse": 0.398017019033432,
        "ci": 0.7685785761027767,
        "rmse": 0.630885899066925,
        "r2": 0.4822934811399088
    },
    "cold_prot": {
        "mse": 0.4791058301925659,
        "ci": 0.6896400744799485,
        "rmse": 0.6921747326850891,
        "r2": 0.2770755556465483
    },
    "cold_both": {
        "mse": 0.6281504034996033,
        "ci": 0.6046875863720956,
        "rmse": 0.7925593852996826,
        "r2": 0.08956252440449608
    }
}