{
    "acc": {
        "mean": 0.827467616580311,
        "std": 0.010356972999634608
    },
    "precision": {
        "mean": 0.289362180138787,
        "std": 0.03233259909184654
    },
    "recall": {
        "mean": 0.18757467144563922,
        "std": 0.0447274554502963
    },
    "f1": {
        "mean": 0.22512747942736197,
        "std": 0.037074154804456715
    },
    "auc": {
        "mean": 0.5576794503510271,
        "std": 0.01604940042103029
    }
}