{
    "acc": 0.7692294564382627,
    "precision": 0.30507158875280316,
    "recall": 0.15703249866808738,
    "f1": 0.20733923442171287,
    "auc": 0.5359613721870214
}