{
    "warm": {
        "mse": 0.2835105483635967,
        "ci": 0.8822701294335182,
        "rmse": 0.5324570859361313,
        "r2": 0.7764127306268516
    },
    "cold_lig": {
        "mse": 0.8683762811776284,
        "ci": 0.7767086612511126,
        "rmse": 0.931867094159692,
        "r2": 0.07755775723717862
    },
    "cold_prot": {
        "mse": 3.4068109179274955,
        "ci": 0.5397752390198237,
        "rmse": 1.8457548368966816,
        "r2": -1.3024294910999057
    },
    "cold_both": {
        "mse": 1.353774388703898,
        "ci": 0.5167153215933704,
        "rmse": 1.1635181084555144,
        "r2": -0.6243759877579287
    }
}