{
    "acc": 0.7680006826521034,
    "precision": 0.2431718061674009,
    "recall": 0.09802876931273309,
    "f1": 0.13972914820908747,
    "auc": 0.5127183544026324
}