{
    "warm": {
        "mse": 0.3280976414680481,
        "ci": 0.8827781491227328,
        "rmse": 0.5727980732917786,
        "r2": 0.7605875885540729
    },
    "cold_lig": {
        "mse": 0.7930768728256226,
        "ci": 0.7349990215073822,
        "rmse": 0.8905486464500427,
        "r2": 0.23993607575489895
    },
    "cold_prot": {
        "mse": 1.2154886722564697,
        "ci": 0.7631170887914324,
        "rmse": 1.1024919748306274,
        "r2": 0.2590117528305853
    },
    "cold_both": {
        "mse": 1.408887267112732,
        "ci": 0.5539413949649196,
        "rmse": 1.1869655847549438,
        "r2": -0.1735986589809817
    },
    "val": {
        "mse": 0.3270982801914215,
        "ci": 0.8650003263809461,
        "rmse": 0.5719250440597534,
        "r2": 0.7406406784843043
    }
}