{
    "acc": 0.8136981865284975,
    "precision": 0.223943661971831,
    "recall": 0.15197132616487455,
    "f1": 0.18106761565836302,
    "auc": 0.5347045242924018
}