{
    "warm": {
        "mse": 0.17657143805584713,
        "ci": 0.8831339874596074,
        "rmse": 0.42020404335970774,
        "r2": 0.7711485048628554
    },
    "cold_lig": {
        "mse": 0.3953498383202266,
        "ci": 0.736524635870527,
        "rmse": 0.6287685093261483,
        "r2": 0.24808254265211338
    },
    "cold_prot": {
        "mse": 0.5783811474866114,
        "ci": 0.6451765811828112,
        "rmse": 0.7605137391833309,
        "r2": 0.10672554961090819
    },
    "cold_both": {
        "mse": 0.5465920081285848,
        "ci": 0.6396628865066005,
        "rmse": 0.7393186107008161,
        "r2": -0.06351774986277636
    }
}