{
    "acc": 0.7774042153767386,
    "precision": 0.30758426966292135,
    "recall": 0.12639850825785828,
    "f1": 0.17916928886091882,
    "auc": 0.529348663631813
}