{
    "warm": {
        "mse": 0.3255804443223048,
        "ci": 0.8678860385089021,
        "rmse": 0.5705965687964701,
        "r2": 0.7296700043969937
    },
    "cold_lig": {
        "mse": 2.7415762455212924,
        "ci": 0.5349348950437065,
        "rmse": 1.6557705896413586,
        "r2": -0.19932874503883746
    },
    "cold_prot": {
        "mse": 1.5796415262497148,
        "ci": 0.6693497505672489,
        "rmse": 1.2568379077071612,
        "r2": -0.026976789378706068
    },
    "cold_both": {
        "mse": 3.1935647861783685,
        "ci": 0.5516877637130801,
        "rmse": 1.7870547798482195,
        "r2": -0.09716785667695027
    }
}