{
    "acc": 0.7648860824302415,
    "precision": 0.2878954027836356,
    "recall": 0.15152725981175635,
    "f1": 0.19855144128683208,
    "auc": 0.5311752877344544
}