{
    "warm": {
        "mse": 0.2979666292667389,
        "ci": 0.8797977879823683,
        "rmse": 0.5458632111549377,
        "r2": 0.7525977975498661
    },
    "cold_lig": {
        "mse": 2.48368763923645,
        "ci": 0.5603080681631133,
        "rmse": 1.5759719610214233,
        "r2": -0.08651287761210558
    },
    "cold_prot": {
        "mse": 0.8709550499916077,
        "ci": 0.7888668346533217,
        "rmse": 0.9332497119903564,
        "r2": 0.4337635046680083
    },
    "cold_both": {
        "mse": 2.824408531188965,
        "ci": 0.604746835443038,
        "rmse": 1.6805976629257202,
        "r2": 0.02965792188314087
    }
}