{
    "acc": 0.8279468911917098,
    "precision": 0.2682826622843057,
    "recall": 0.15603345280764636,
    "f1": 0.1973107720199426,
    "auc": 0.5446584196047971
}