{
    "warm": {
        "mse": 0.17849488824414947,
        "ci": 0.8776502870486739,
        "rmse": 0.42248655392112716,
        "r2": 0.7425249869745371
    },
    "cold_lig": {
        "mse": 0.5179853426138646,
        "ci": 0.7503883911323956,
        "rmse": 0.7197119858762008,
        "r2": 0.3570966517763928
    },
    "cold_prot": {
        "mse": 0.35988764064003315,
        "ci": 0.7138841618650213,
        "rmse": 0.5999063598929696,
        "r2": 0.3479775497515718
    },
    "cold_both": {
        "mse": 0.4992986100522713,
        "ci": 0.6309274863152715,
        "rmse": 0.7066106495463192,
        "r2": 0.21266819942900062
    }
}